COD_BASE;COD_VER_EXEC;COD_CUBE;DATA_EXEC;CUBE_START_TIME;CUBE_END_TIME;SELECT_TIME;WRITE_TIME;TOTAL_TIME;TUPLAS_GRAVADAS;VALORES_GRAVADOS;REGISTROS_SELECIONADOS
1;2;0001;2024-01-07 00:00;2025-01-06 23:48:48;2025-01-06 23:48:53;2,69;1,79;4,48;10540;105400;101150
1;2;0002;2024-01-07 00:00;2025-01-06 23:48:53;2025-01-06 23:49:01;4,15;2,77;6,92;28168;281680;101150
1;2;0003;2024-01-07 00:00;2025-01-06 23:49:02;2025-01-06 23:49:12;5,50;3,67;9,17;41127;411270;101150
1;2;0000;2024-01-07 00:00;2025-01-06 23:48:48;2025-01-06 23:49:12;12,34;8,23;20,57;79835;798350;303450
1;3;0001;2024-01-11 00:00;2025-01-06 23:49:12;2025-01-06 23:49:18;2,65;1,77;4,42;10437;104370;101150
1;3;0002;2024-01-11 00:00;2025-01-06 23:49:18;2025-01-06 23:49:27;4,70;3,13;7,83;28023;280230;101150
1;3;0003;2024-01-11 00:00;2025-01-06 23:49:27;2025-01-06 23:49:38;5,77;3,85;9,62;40983;409830;101150
1;3;0000;2024-01-11 00:00;2025-01-06 23:49:12;2025-01-06 23:49:38;13,12;8,75;21,87;79443;794430;303450
1;4;0001;2024-01-15 00:00;2025-01-06 23:49:39;2025-01-06 23:49:45;2,79;1,86;4,65;10427;104270;101150
1;4;0002;2024-01-15 00:00;2025-01-06 23:49:45;2025-01-06 23:49:53;4,36;2,91;7,27;27866;278660;101150
1;4;0003;2024-01-15 00:00;2025-01-06 23:49:54;2025-01-06 23:50:04;5,65;3,76;9,41;40962;409620;101150
1;4;0000;2024-01-15 00:00;2025-01-06 23:49:39;2025-01-06 23:50:04;12,80;8,53;21,33;79255;792550;303450
1;5;0001;2024-01-19 00:00;2025-01-06 23:50:05;2025-01-06 23:50:11;2,75;1,83;4,58;10554;105540;101150
1;5;0002;2024-01-19 00:00;2025-01-06 23:50:11;2025-01-06 23:50:19;4,46;2,97;7,43;28323;283230;101150
1;5;0003;2024-01-19 00:00;2025-01-06 23:50:19;2025-01-06 23:50:30;5,51;3,68;9,19;41253;412530;101150
1;5;0000;2024-01-19 00:00;2025-01-06 23:50:05;2025-01-06 23:50:30;12,72;8,48;21,19;80130;801300;303450
1;6;0001;2024-01-23 00:00;2025-01-06 23:50:30;2025-01-06 23:50:36;2,82;1,88;4,70;10452;104520;101150
1;6;0002;2024-01-23 00:00;2025-01-06 23:50:36;2025-01-06 23:50:48;6,19;4,13;10,32;28125;281250;101150
1;6;0003;2024-01-23 00:00;2025-01-06 23:50:48;2025-01-06 23:51:01;7,29;4,86;12,15;41045;410450;101150
1;6;0000;2024-01-23 00:00;2025-01-06 23:50:30;2025-01-06 23:51:01;16,30;10,87;27,17;79622;796220;303450
1;7;0001;2024-01-27 00:00;2025-01-06 23:51:02;2025-01-06 23:51:09;3,29;2,19;5,48;10532;105320;101149
1;7;0002;2024-01-27 00:00;2025-01-06 23:51:09;2025-01-06 23:51:21;6,31;4,20;10,51;28145;281450;101149
1;7;0003;2024-01-27 00:00;2025-01-06 23:51:21;2025-01-06 23:51:34;6,23;4,15;10,38;41165;411650;101149
1;7;0000;2024-01-27 00:00;2025-01-06 23:51:02;2025-01-06 23:51:34;15,82;10,55;26,37;79842;798420;303447
1;8;0001;2024-01-31 00:00;2025-01-06 23:51:34;2025-01-06 23:51:40;2,96;1,98;4,94;10439;104390;101149
1;8;0002;2024-01-31 00:00;2025-01-06 23:51:40;2025-01-06 23:51:51;5,71;3,81;9,52;28039;280390;101149
1;8;0003;2024-01-31 00:00;2025-01-06 23:51:51;2025-01-06 23:52:02;5,87;3,91;9,78;41221;412210;101149
1;8;0000;2024-01-31 00:00;2025-01-06 23:51:34;2025-01-06 23:52:02;14,54;9,69;24,24;79699;796990;303447
1;9;0001;2024-02-04 00:00;2025-01-06 23:52:03;2025-01-06 23:52:09;3,12;2,08;5,19;10563;105630;101149
1;9;0002;2024-02-04 00:00;2025-01-06 23:52:09;2025-01-06 23:52:22;6,55;4,37;10,91;28295;282950;101149
1;9;0003;2024-02-04 00:00;2025-01-06 23:52:22;2025-01-06 23:52:32;5,64;3,76;9,40;41210;412100;101149
1;9;0000;2024-02-04 00:00;2025-01-06 23:52:03;2025-01-06 23:52:32;15,30;10,20;25,51;80068;800680;303447
1;10;0001;2024-02-08 00:00;2025-01-06 23:52:33;2025-01-06 23:52:39;2,82;1,88;4,71;10563;105630;101149
1;10;0002;2024-02-08 00:00;2025-01-06 23:52:39;2025-01-06 23:52:50;5,90;3,93;9,83;28327;283270;101149
1;10;0003;2024-02-08 00:00;2025-01-06 23:52:50;2025-01-06 23:53:01;6,00;4,00;10,01;41418;414180;101149
1;10;0000;2024-02-08 00:00;2025-01-06 23:52:33;2025-01-06 23:53:01;14,72;9,82;24,54;80308;803080;303447
1;11;0001;2024-02-12 00:00;2025-01-06 23:53:01;2025-01-06 23:53:08;3,16;2,11;5,27;10552;105520;101149
1;11;0002;2024-02-12 00:00;2025-01-06 23:53:08;2025-01-06 23:53:21;6,67;4,45;11,12;28383;283830;101149
1;11;0003;2024-02-12 00:00;2025-01-06 23:53:21;2025-01-06 23:53:32;6,17;4,11;10,28;41519;415190;101149
1;11;0000;2024-02-12 00:00;2025-01-06 23:53:01;2025-01-06 23:53:32;16,00;10,67;26,67;80454;804540;303447
1;12;0001;2024-02-16 00:00;2025-01-06 23:53:33;2025-01-06 23:53:39;2,87;1,91;4,79;10589;105890;101147
1;12;0002;2024-02-16 00:00;2025-01-06 23:53:39;2025-01-06 23:53:50;5,94;3,96;9,90;28158;281580;101147
1;12;0003;2024-02-16 00:00;2025-01-06 23:53:50;2025-01-06 23:54:01;5,79;3,86;9,64;41174;411740;101147
1;12;0000;2024-02-16 00:00;2025-01-06 23:53:33;2025-01-06 23:54:01;14,60;9,73;24,33;79921;799210;303441
1;13;0001;2024-02-20 00:00;2025-01-06 23:54:01;2025-01-06 23:54:07;2,87;1,91;4,79;10476;104760;101147
1;13;0002;2024-02-20 00:00;2025-01-06 23:54:07;2025-01-06 23:54:18;5,96;3,98;9,94;28116;281160;101147
1;13;0003;2024-02-20 00:00;2025-01-06 23:54:18;2025-01-06 23:54:30;5,98;3,99;9,97;41129;411290;101147
1;13;0000;2024-02-20 00:00;2025-01-06 23:54:01;2025-01-06 23:54:30;14,82;9,88;24,69;79721;797210;303441
1;14;0001;2024-02-24 00:00;2025-01-06 23:54:30;2025-01-06 23:54:36;2,92;1,95;4,87;10450;104500;101147
1;14;0002;2024-02-24 00:00;2025-01-06 23:54:36;2025-01-06 23:54:48;6,77;4,51;11,28;28221;282210;101147
1;14;0003;2024-02-24 00:00;2025-01-06 23:54:49;2025-01-06 23:55:00;5,94;3,96;9,90;41302;413020;101147
1;14;0000;2024-02-24 00:00;2025-01-06 23:54:30;2025-01-06 23:55:00;15,63;10,42;26,05;79973;799730;303441
1;15;0001;2024-02-28 00:00;2025-01-06 23:55:00;2025-01-06 23:55:06;2,96;1,97;4,93;10665;106650;101147
1;15;0002;2024-02-28 00:00;2025-01-06 23:55:06;2025-01-06 23:55:14;3,85;2,57;6,42;28394;283940;101147
1;15;0003;2024-02-28 00:00;2025-01-06 23:55:14;2025-01-06 23:55:25;5,84;3,90;9,74;41076;410760;101147
1;15;0000;2024-02-28 00:00;2025-01-06 23:55:00;2025-01-06 23:55:25;12,65;8,44;21,09;80135;801350;303441
1;16;0001;2024-03-03 00:00;2025-01-06 23:55:25;2025-01-06 23:55:32;3,11;2,08;5,19;10459;104590;101147
1;16;0002;2024-03-03 00:00;2025-01-06 23:55:32;2025-01-06 23:55:41;4,61;3,07;7,69;28205;282050;101147
1;16;0003;2024-03-03 00:00;2025-01-06 23:55:41;2025-01-06 23:55:52;6,33;4,22;10,56;41083;410830;101147
1;16;0000;2024-03-03 00:00;2025-01-06 23:55:25;2025-01-06 23:55:52;14,06;9,37;23,43;79747;797470;303441
1;17;0001;2024-03-07 00:00;2025-01-06 23:55:53;2025-01-06 23:55:59;3,10;2,07;5,16;10461;104610;101146
1;17;0002;2024-03-07 00:00;2025-01-06 23:55:59;2025-01-06 23:56:08;4,55;3,03;7,58;28280;282800;101146
1;17;0003;2024-03-07 00:00;2025-01-06 23:56:08;2025-01-06 23:56:20;6,43;4,29;10,72;41219;412190;101146
1;17;0000;2024-03-07 00:00;2025-01-06 23:55:53;2025-01-06 23:56:20;14,08;9,38;23,46;79960;799600;303438
1;18;0001;2024-03-11 00:00;2025-01-06 23:56:21;2025-01-06 23:56:27;3,18;2,12;5,30;10437;104370;101146
1;18;0002;2024-03-11 00:00;2025-01-06 23:56:27;2025-01-06 23:56:35;3,99;2,66;6,65;28297;282970;101146
1;18;0003;2024-03-11 00:00;2025-01-06 23:56:35;2025-01-06 23:56:47;6,14;4,09;10,23;41091;410910;101146
1;18;0000;2024-03-11 00:00;2025-01-06 23:56:21;2025-01-06 23:56:47;13,31;8,88;22,19;79825;798250;303438
1;19;0001;2024-03-15 00:00;2025-01-06 23:56:47;2025-01-06 23:56:53;3,10;2,07;5,17;10490;104900;101146
1;19;0002;2024-03-15 00:00;2025-01-06 23:56:53;2025-01-06 23:57:01;3,95;2,63;6,59;28219;282190;101146
1;19;0003;2024-03-15 00:00;2025-01-06 23:57:01;2025-01-06 23:57:13;6,37;4,25;10,62;41111;411110;101146
1;19;0000;2024-03-15 00:00;2025-01-06 23:56:47;2025-01-06 23:57:13;13,43;8,95;22,38;79820;798200;303438
1;20;0001;2024-03-19 00:00;2025-01-06 23:57:13;2025-01-06 23:57:20;3,29;2,20;5,49;10474;104740;101146
1;20;0002;2024-03-19 00:00;2025-01-06 23:57:20;2025-01-06 23:57:29;4,31;2,88;7,19;28384;283840;101146
1;20;0003;2024-03-19 00:00;2025-01-06 23:57:29;2025-01-06 23:57:40;6,26;4,17;10,43;41140;411400;101146
1;20;0000;2024-03-19 00:00;2025-01-06 23:57:13;2025-01-06 23:57:40;13,86;9,24;23,10;79998;799980;303438
1;21;0001;2024-03-23 00:00;2025-01-06 23:57:40;2025-01-06 23:57:47;3,11;2,08;5,19;10470;104700;101146
1;21;0002;2024-03-23 00:00;2025-01-06 23:57:47;2025-01-06 23:57:55;4,01;2,67;6,68;28335;283350;101146
1;21;0003;2024-03-23 00:00;2025-01-06 23:57:55;2025-01-06 23:58:07;6,32;4,22;10,54;41206;412060;101146
1;21;0000;2024-03-23 00:00;2025-01-06 23:57:40;2025-01-06 23:58:07;13,45;8,97;22,41;80011;800110;303438
2;2;0001;2024-01-07 00:00;2025-01-06 23:58:07;2025-01-06 23:58:13;2,62;1,75;4,37;10447;104470;101150
2;2;0002;2024-01-07 00:00;2025-01-06 23:58:13;2025-01-06 23:58:23;5,62;3,75;9,37;28190;281900;101150
2;2;0003;2024-01-07 00:00;2025-01-06 23:58:23;2025-01-06 23:58:34;5,56;3,71;9,27;41104;411040;101150
2;2;0000;2024-01-07 00:00;2025-01-06 23:58:07;2025-01-06 23:58:34;13,81;9,20;23,01;79741;797410;303450
2;3;0001;2024-01-11 00:00;2025-01-06 23:58:34;2025-01-06 23:58:40;2,68;1,78;4,46;10512;105120;101150
2;3;0002;2024-01-11 00:00;2025-01-06 23:58:40;2025-01-06 23:58:50;5,50;3,67;9,16;28289;282890;101150
2;3;0003;2024-01-11 00:00;2025-01-06 23:58:51;2025-01-06 23:59:01;5,56;3,71;9,27;41274;412740;101150
2;3;0000;2024-01-11 00:00;2025-01-06 23:58:34;2025-01-06 23:59:01;13,74;9,16;22,90;80075;800750;303450
2;4;0001;2024-01-15 00:00;2025-01-06 23:59:02;2025-01-06 23:59:07;2,73;1,82;4,54;10439;104390;101150
2;4;0002;2024-01-15 00:00;2025-01-06 23:59:07;2025-01-06 23:59:18;5,57;3,71;9,28;28278;282780;101150
2;4;0003;2024-01-15 00:00;2025-01-06 23:59:18;2025-01-06 23:59:28;5,43;3,62;9,04;41189;411890;101150
2;4;0000;2024-01-15 00:00;2025-01-06 23:59:02;2025-01-06 23:59:28;13,72;9,15;22,87;79906;799060;303450
2;5;0001;2024-01-19 00:00;2025-01-06 23:59:29;2025-01-06 23:59:35;2,65;1,77;4,42;10478;104780;101150
2;5;0002;2024-01-19 00:00;2025-01-06 23:59:35;2025-01-06 23:59:45;5,54;3,69;9,23;28253;282530;101150
2;5;0003;2024-01-19 00:00;2025-01-06 23:59:45;2025-01-06 23:59:55;5,37;3,58;8,95;41147;411470;101150
2;5;0000;2024-01-19 00:00;2025-01-06 23:59:29;2025-01-06 23:59:55;13,55;9,04;22,59;79878;798780;303450
2;6;0001;2024-01-23 00:00;2025-01-06 23:59:56;2025-01-07 00:00:01;2,69;1,80;4,49;10530;105300;101150
2;6;0002;2024-01-23 00:00;2025-01-07 00:00:02;2025-01-07 00:00:13;6,09;4,06;10,14;28458;284580;101150
2;6;0003;2024-01-23 00:00;2025-01-07 00:00:13;2025-01-07 00:00:24;5,53;3,69;9,22;41353;413530;101150
2;6;0000;2024-01-23 00:00;2025-01-06 23:59:56;2025-01-07 00:00:24;14,31;9,54;23,86;80341;803410;303450
2;7;0001;2024-01-27 00:00;2025-01-07 00:00:24;2025-01-07 00:00:30;2,76;1,84;4,60;10471;104710;101149
2;7;0002;2024-01-27 00:00;2025-01-07 00:00:30;2025-01-07 00:00:40;5,73;3,82;9,55;28310;283100;101149
2;7;0003;2024-01-27 00:00;2025-01-07 00:00:40;2025-01-07 00:00:51;5,52;3,68;9,19;41211;412110;101149
2;7;0000;2024-01-27 00:00;2025-01-07 00:00:24;2025-01-07 00:00:51;14,01;9,34;23,35;79992;799920;303447
2;8;0001;2024-01-31 00:00;2025-01-07 00:00:51;2025-01-07 00:00:57;2,77;1,85;4,62;10436;104360;101149
2;8;0002;2024-01-31 00:00;2025-01-07 00:00:57;2025-01-07 00:01:08;5,87;3,91;9,78;28215;282150;101149
2;8;0003;2024-01-31 00:00;2025-01-07 00:01:08;2025-01-07 00:01:19;5,60;3,73;9,33;41134;411340;101149
2;8;0000;2024-01-31 00:00;2025-01-07 00:00:51;2025-01-07 00:01:19;14,24;9,49;23,73;79785;797850;303447
2;9;0001;2024-02-04 00:00;2025-01-07 00:01:19;2025-01-07 00:01:25;2,85;1,90;4,75;10471;104710;101149
2;9;0002;2024-02-04 00:00;2025-01-07 00:01:25;2025-01-07 00:01:36;6,04;4,03;10,07;28119;281190;101149
2;9;0003;2024-02-04 00:00;2025-01-07 00:01:37;2025-01-07 00:01:47;5,70;3,80;9,51;41132;411320;101149
2;9;0000;2024-02-04 00:00;2025-01-07 00:01:19;2025-01-07 00:01:47;14,60;9,73;24,33;79722;797220;303447
2;10;0001;2024-02-08 00:00;2025-01-07 00:01:48;2025-01-07 00:01:54;2,86;1,90;4,76;10458;104580;101149
2;10;0002;2024-02-08 00:00;2025-01-07 00:01:54;2025-01-07 00:02:02;4,37;2,92;7,29;28234;282340;101149
2;10;0003;2024-02-08 00:00;2025-01-07 00:02:02;2025-01-07 00:02:13;5,57;3,72;9,29;41219;412190;101149
2;10;0000;2024-02-08 00:00;2025-01-07 00:01:48;2025-01-07 00:02:13;12,81;8,54;21,34;79911;799110;303447
2;11;0001;2024-02-12 00:00;2025-01-07 00:02:13;2025-01-07 00:02:19;2,86;1,90;4,76;10447;104470;101149
2;11;0002;2024-02-12 00:00;2025-01-07 00:02:19;2025-01-07 00:02:30;6,11;4,07;10,18;28211;282110;101149
2;11;0003;2024-02-12 00:00;2025-01-07 00:02:30;2025-01-07 00:02:41;5,80;3,87;9,67;41270;412700;101149
2;11;0000;2024-02-12 00:00;2025-01-07 00:02:13;2025-01-07 00:02:41;14,76;9,84;24,61;79928;799280;303447
2;12;0001;2024-02-16 00:00;2025-01-07 00:02:42;2025-01-07 00:02:48;2,88;1,92;4,80;10472;104720;101147
2;12;0002;2024-02-16 00:00;2025-01-07 00:02:48;2025-01-07 00:02:59;6,35;4,23;10,59;28264;282640;101147
2;12;0003;2024-02-16 00:00;2025-01-07 00:02:59;2025-01-07 00:03:10;5,83;3,88;9,71;41097;410970;101147
2;12;0000;2024-02-16 00:00;2025-01-07 00:02:42;2025-01-07 00:03:10;15,06;10,04;25,10;79833;798330;303441
2;13;0001;2024-02-20 00:00;2025-01-07 00:03:11;2025-01-07 00:03:16;2,83;1,89;4,72;10478;104780;101147
2;13;0002;2024-02-20 00:00;2025-01-07 00:03:16;2025-01-07 00:03:27;5,84;3,89;9,74;28261;282610;101147
2;13;0003;2024-02-20 00:00;2025-01-07 00:03:27;2025-01-07 00:03:38;5,86;3,91;9,77;41263;412630;101147
2;13;0000;2024-02-20 00:00;2025-01-07 00:03:11;2025-01-07 00:03:38;14,54;9,69;24,23;80002;800020;303441
2;14;0001;2024-02-24 00:00;2025-01-07 00:03:39;2025-01-07 00:03:45;2,98;1,99;4,96;10602;106020;101147
2;14;0002;2024-02-24 00:00;2025-01-07 00:03:45;2025-01-07 00:03:57;6,40;4,27;10,67;28247;282470;101147
2;14;0003;2024-02-24 00:00;2025-01-07 00:03:57;2025-01-07 00:04:10;6,81;4,54;11,35;41230;412300;101147
2;14;0000;2024-02-24 00:00;2025-01-07 00:03:39;2025-01-07 00:04:10;16,19;10,79;26,99;80079;800790;303441
2;15;0001;2024-02-28 00:00;2025-01-07 00:04:10;2025-01-07 00:04:17;3,16;2,11;5,27;10514;105140;101147
2;15;0002;2024-02-28 00:00;2025-01-07 00:04:17;2025-01-07 00:04:29;6,90;4,60;11,51;28079;280790;101147
2;15;0003;2024-02-28 00:00;2025-01-07 00:04:30;2025-01-07 00:04:42;6,45;4,30;10,75;40997;409970;101147
2;15;0000;2024-02-28 00:00;2025-01-07 00:04:10;2025-01-07 00:04:42;16,52;11,01;27,53;79590;795900;303441
2;16;0001;2024-03-03 00:00;2025-01-07 00:04:42;2025-01-07 00:04:48;2,99;1,99;4,98;10439;104390;101147
2;16;0002;2024-03-03 00:00;2025-01-07 00:04:49;2025-01-07 00:04:56;4,04;2,70;6,74;28187;281870;101147
2;16;0003;2024-03-03 00:00;2025-01-07 00:04:57;2025-01-07 00:05:08;5,99;4,00;9,99;41129;411290;101147
2;16;0000;2024-03-03 00:00;2025-01-07 00:04:42;2025-01-07 00:05:08;13,02;8,68;21,70;79755;797550;303441
2;17;0001;2024-03-07 00:00;2025-01-07 00:05:08;2025-01-07 00:05:14;3,07;2,05;5,12;10563;105630;101146
2;17;0002;2024-03-07 00:00;2025-01-07 00:05:15;2025-01-07 00:05:22;3,96;2,64;6,60;28310;283100;101146
2;17;0003;2024-03-07 00:00;2025-01-07 00:05:23;2025-01-07 00:05:34;6,16;4,11;10,27;41223;412230;101146
2;17;0000;2024-03-07 00:00;2025-01-07 00:05:08;2025-01-07 00:05:34;13,19;8,80;21,99;80096;800960;303438
2;18;0001;2024-03-11 00:00;2025-01-07 00:05:34;2025-01-07 00:05:41;3,08;2,05;5,13;10531;105310;101146
2;18;0002;2024-03-11 00:00;2025-01-07 00:05:41;2025-01-07 00:05:49;4,14;2,76;6,90;28199;281990;101146
2;18;0003;2024-03-11 00:00;2025-01-07 00:05:49;2025-01-07 00:06:00;6,22;4,15;10,37;41253;412530;101146
2;18;0000;2024-03-11 00:00;2025-01-07 00:05:34;2025-01-07 00:06:00;13,44;8,96;22,40;79983;799830;303438
2;19;0001;2024-03-15 00:00;2025-01-07 00:06:01;2025-01-07 00:06:07;3,12;2,08;5,20;10490;104900;101146
2;19;0002;2024-03-15 00:00;2025-01-07 00:06:07;2025-01-07 00:06:15;4,08;2,72;6,80;28247;282470;101146
2;19;0003;2024-03-15 00:00;2025-01-07 00:06:15;2025-01-07 00:06:27;6,26;4,17;10,44;41132;411320;101146
2;19;0000;2024-03-15 00:00;2025-01-07 00:06:01;2025-01-07 00:06:27;13,46;8,97;22,43;79869;798690;303438
2;20;0001;2024-03-19 00:00;2025-01-07 00:06:27;2025-01-07 00:06:34;3,25;2,17;5,42;10496;104960;101146
2;20;0002;2024-03-19 00:00;2025-01-07 00:06:34;2025-01-07 00:06:43;4,79;3,19;7,98;28192;281920;101146
2;20;0003;2024-03-19 00:00;2025-01-07 00:06:43;2025-01-07 00:06:56;6,64;4,42;11,06;41162;411620;101146
2;20;0000;2024-03-19 00:00;2025-01-07 00:06:27;2025-01-07 00:06:56;14,68;9,78;24,46;79850;798500;303438
2;21;0001;2024-03-23 00:00;2025-01-07 00:06:56;2025-01-07 00:07:03;3,25;2,17;5,42;10480;104800;101146
2;21;0002;2024-03-23 00:00;2025-01-07 00:07:03;2025-01-07 00:07:12;4,77;3,18;7,94;28392;283920;101146
2;21;0003;2024-03-23 00:00;2025-01-07 00:07:12;2025-01-07 00:07:24;6,41;4,27;10,68;41222;412220;101146
2;21;0000;2024-03-23 00:00;2025-01-07 00:06:56;2025-01-07 00:07:24;14,43;9,62;24,04;80094;800940;303438
3;2;0001;2024-01-07 00:00;2025-01-07 00:07:24;2025-01-07 00:07:30;2,76;1,84;4,59;10559;105590;101150
3;2;0002;2024-01-07 00:00;2025-01-07 00:07:30;2025-01-07 00:07:39;4,58;3,05;7,64;28365;283650;101150
3;2;0003;2024-01-07 00:00;2025-01-07 00:07:40;2025-01-07 00:07:51;6,30;4,20;10,50;41403;414030;101150
3;2;0000;2024-01-07 00:00;2025-01-07 00:07:24;2025-01-07 00:07:51;13,63;9,09;22,72;80327;803270;303450
3;3;0001;2024-01-11 00:00;2025-01-07 00:07:52;2025-01-07 00:07:57;2,72;1,81;4,53;10545;105450;101150
3;3;0002;2024-01-11 00:00;2025-01-07 00:07:57;2025-01-07 00:08:06;4,29;2,86;7,15;28304;283040;101150
3;3;0003;2024-01-11 00:00;2025-01-07 00:08:06;2025-01-07 00:08:16;5,40;3,60;8,99;41120;411200;101150
3;3;0000;2024-01-11 00:00;2025-01-07 00:07:52;2025-01-07 00:08:16;12,41;8,27;20,68;79969;799690;303450
3;4;0001;2024-01-15 00:00;2025-01-07 00:08:17;2025-01-07 00:08:22;2,72;1,81;4,54;10548;105480;101150
3;4;0002;2024-01-15 00:00;2025-01-07 00:08:22;2025-01-07 00:08:31;4,35;2,90;7,24;28394;283940;101150
3;4;0003;2024-01-15 00:00;2025-01-07 00:08:31;2025-01-07 00:08:41;5,46;3,64;9,09;41198;411980;101150
3;4;0000;2024-01-15 00:00;2025-01-07 00:08:17;2025-01-07 00:08:41;12,53;8,35;20,88;80140;801400;303450
3;5;0001;2024-01-19 00:00;2025-01-07 00:08:42;2025-01-07 00:08:48;2,79;1,86;4,66;10498;104980;101150
3;5;0002;2024-01-19 00:00;2025-01-07 00:08:48;2025-01-07 00:08:56;4,34;2,90;7,24;28140;281400;101150
3;5;0003;2024-01-19 00:00;2025-01-07 00:08:56;2025-01-07 00:09:07;5,52;3,68;9,21;41102;411020;101150
3;5;0000;2024-01-19 00:00;2025-01-07 00:08:42;2025-01-07 00:09:07;12,66;8,44;21,10;79740;797400;303450
3;6;0001;2024-01-23 00:00;2025-01-07 00:09:07;2025-01-07 00:09:13;2,84;1,89;4,73;10576;105760;101150
3;6;0002;2024-01-23 00:00;2025-01-07 00:09:13;2025-01-07 00:09:22;4,36;2,91;7,27;28395;283950;101150
3;6;0003;2024-01-23 00:00;2025-01-07 00:09:22;2025-01-07 00:09:32;5,58;3,72;9,30;41319;413190;101150
3;6;0000;2024-01-23 00:00;2025-01-07 00:09:07;2025-01-07 00:09:32;12,77;8,52;21,29;80290;802900;303450
3;7;0001;2024-01-27 00:00;2025-01-07 00:09:33;2025-01-07 00:09:39;2,83;1,89;4,71;10481;104810;101149
3;7;0002;2024-01-27 00:00;2025-01-07 00:09:39;2025-01-07 00:09:47;4,36;2,90;7,26;28179;281790;101149
3;7;0003;2024-01-27 00:00;2025-01-07 00:09:47;2025-01-07 00:09:58;5,73;3,82;9,56;41090;410900;101149
3;7;0000;2024-01-27 00:00;2025-01-07 00:09:33;2025-01-07 00:09:58;12,92;8,61;21,53;79750;797500;303447
3;8;0001;2024-01-31 00:00;2025-01-07 00:09:58;2025-01-07 00:10:04;2,73;1,82;4,55;10534;105340;101149
3;8;0002;2024-01-31 00:00;2025-01-07 00:10:04;2025-01-07 00:10:12;3,81;2,54;6,35;28249;282490;101149
3;8;0003;2024-01-31 00:00;2025-01-07 00:10:12;2025-01-07 00:10:23;5,70;3,80;9,50;41281;412810;101149
3;8;0000;2024-01-31 00:00;2025-01-07 00:09:58;2025-01-07 00:10:23;12,24;8,16;20,39;80064;800640;303447
3;9;0001;2024-02-04 00:00;2025-01-07 00:10:23;2025-01-07 00:10:29;3,01;2,01;5,01;10513;105130;101149
3;9;0002;2024-02-04 00:00;2025-01-07 00:10:29;2025-01-07 00:10:38;4,41;2,94;7,34;28184;281840;101149
3;9;0003;2024-02-04 00:00;2025-01-07 00:10:38;2025-01-07 00:10:49;5,92;3,95;9,87;41157;411570;101149
3;9;0000;2024-02-04 00:00;2025-01-07 00:10:23;2025-01-07 00:10:49;13,34;8,89;22,23;79854;798540;303447
3;10;0001;2024-02-08 00:00;2025-01-07 00:10:49;2025-01-07 00:10:55;2,86;1,90;4,76;10516;105160;101149
3;10;0002;2024-02-08 00:00;2025-01-07 00:10:55;2025-01-07 00:11:03;3,78;2,52;6,30;28394;283940;101149
3;10;0003;2024-02-08 00:00;2025-01-07 00:11:03;2025-01-07 00:11:14;5,67;3,78;9,45;41492;414920;101149
3;10;0000;2024-02-08 00:00;2025-01-07 00:10:49;2025-01-07 00:11:14;12,31;8,20;20,51;80402;804020;303447
3;11;0001;2024-02-12 00:00;2025-01-07 00:11:14;2025-01-07 00:11:20;2,86;1,90;4,76;10501;105010;101149
3;11;0002;2024-02-12 00:00;2025-01-07 00:11:20;2025-01-07 00:11:32;6,52;4,35;10,86;28319;283190;101149
3;11;0003;2024-02-12 00:00;2025-01-07 00:11:32;2025-01-07 00:11:46;7,47;4,98;12,45;41179;411790;101149
3;11;0000;2024-02-12 00:00;2025-01-07 00:11:14;2025-01-07 00:11:46;16,85;11,23;28,08;79999;799990;303447
3;12;0001;2024-02-16 00:00;2025-01-07 00:11:47;2025-01-07 00:11:55;3,64;2,43;6,07;10464;104640;101147
3;12;0002;2024-02-16 00:00;2025-01-07 00:11:55;2025-01-07 00:12:09;7,34;4,89;12,23;28233;282330;101147
3;12;0003;2024-02-16 00:00;2025-01-07 00:12:09;2025-01-07 00:12:21;6,36;4,24;10,59;41326;413260;101147
3;12;0000;2024-02-16 00:00;2025-01-07 00:11:47;2025-01-07 00:12:21;17,33;11,56;28,89;80023;800230;303441
3;13;0001;2024-02-20 00:00;2025-01-07 00:12:22;2025-01-07 00:12:29;3,65;2,43;6,09;10535;105350;101147
3;13;0002;2024-02-20 00:00;2025-01-07 00:12:29;2025-01-07 00:12:43;7,60;5,07;12,66;28277;282770;101147
3;13;0003;2024-02-20 00:00;2025-01-07 00:12:44;2025-01-07 00:12:55;6,25;4,16;10,41;41269;412690;101147
3;13;0000;2024-02-20 00:00;2025-01-07 00:12:22;2025-01-07 00:12:55;17,50;11,66;29,16;80081;800810;303441
3;14;0001;2024-02-24 00:00;2025-01-07 00:12:56;2025-01-07 00:13:02;3,11;2,08;5,19;10483;104830;101147
3;14;0002;2024-02-24 00:00;2025-01-07 00:13:02;2025-01-07 00:13:15;6,81;4,54;11,35;28155;281550;101147
3;14;0003;2024-02-24 00:00;2025-01-07 00:13:15;2025-01-07 00:13:26;6,17;4,11;10,28;41097;410970;101147
3;14;0000;2024-02-24 00:00;2025-01-07 00:12:56;2025-01-07 00:13:26;16,09;10,73;26,81;79735;797350;303441
3;15;0001;2024-02-28 00:00;2025-01-07 00:13:27;2025-01-07 00:13:33;2,95;1,97;4,92;10559;105590;101147
3;15;0002;2024-02-28 00:00;2025-01-07 00:13:33;2025-01-07 00:13:45;6,27;4,18;10,46;28222;282220;101147
3;15;0003;2024-02-28 00:00;2025-01-07 00:13:45;2025-01-07 00:13:56;5,96;3,97;9,93;41022;410220;101147
3;15;0000;2024-02-28 00:00;2025-01-07 00:13:27;2025-01-07 00:13:56;15,18;10,12;25,31;79803;798030;303441
3;16;0001;2024-03-03 00:00;2025-01-07 00:13:56;2025-01-07 00:14:02;3,04;2,03;5,06;10479;104790;101147
3;16;0002;2024-03-03 00:00;2025-01-07 00:14:02;2025-01-07 00:14:10;3,94;2,63;6,57;28179;281790;101147
3;16;0003;2024-03-03 00:00;2025-01-07 00:14:10;2025-01-07 00:14:21;5,94;3,96;9,90;40911;409110;101147
3;16;0000;2024-03-03 00:00;2025-01-07 00:13:56;2025-01-07 00:14:21;12,92;8,62;21,54;79569;795690;303441
3;17;0001;2024-03-07 00:00;2025-01-07 00:14:22;2025-01-07 00:14:28;3,14;2,09;5,23;10535;105350;101146
3;17;0002;2024-03-07 00:00;2025-01-07 00:14:28;2025-01-07 00:14:37;4,63;3,09;7,72;28211;282110;101146
3;17;0003;2024-03-07 00:00;2025-01-07 00:14:37;2025-01-07 00:14:49;6,40;4,26;10,66;41233;412330;101146
3;17;0000;2024-03-07 00:00;2025-01-07 00:14:22;2025-01-07 00:14:49;14,17;9,45;23,61;79979;799790;303438
3;18;0001;2024-03-11 00:00;2025-01-07 00:14:50;2025-01-07 00:14:56;3,21;2,14;5,34;10462;104620;101146
3;18;0002;2024-03-11 00:00;2025-01-07 00:14:56;2025-01-07 00:15:05;4,65;3,10;7,75;28241;282410;101146
3;18;0003;2024-03-11 00:00;2025-01-07 00:15:05;2025-01-07 00:15:17;6,50;4,33;10,83;41120;411200;101146
3;18;0000;2024-03-11 00:00;2025-01-07 00:14:50;2025-01-07 00:15:17;14,35;9,57;23,92;79823;798230;303438
3;19;0001;2024-03-15 00:00;2025-01-07 00:15:18;2025-01-07 00:15:24;3,20;2,13;5,33;10573;105730;101146
3;19;0002;2024-03-15 00:00;2025-01-07 00:15:24;2025-01-07 00:15:32;4,16;2,77;6,93;28250;282500;101146
3;19;0003;2024-03-15 00:00;2025-01-07 00:15:33;2025-01-07 00:15:44;6,37;4,25;10,62;41121;411210;101146
3;19;0000;2024-03-15 00:00;2025-01-07 00:15:18;2025-01-07 00:15:44;13,73;9,15;22,88;79944;799440;303438
3;20;0001;2024-03-19 00:00;2025-01-07 00:15:45;2025-01-07 00:15:51;3,23;2,15;5,38;10414;104140;101146
3;20;0002;2024-03-19 00:00;2025-01-07 00:15:51;2025-01-07 00:16:00;4,72;3,15;7,87;28315;283150;101146
3;20;0003;2024-03-19 00:00;2025-01-07 00:16:00;2025-01-07 00:16:13;6,59;4,39;10,98;41242;412420;101146
3;20;0000;2024-03-19 00:00;2025-01-07 00:15:45;2025-01-07 00:16:13;14,54;9,69;24,24;79971;799710;303438
3;21;0001;2024-03-23 00:00;2025-01-07 00:16:13;2025-01-07 00:16:20;3,29;2,19;5,48;10562;105620;101146
3;21;0002;2024-03-23 00:00;2025-01-07 00:16:20;2025-01-07 00:16:29;4,84;3,23;8,07;28213;282130;101146
3;21;0003;2024-03-23 00:00;2025-01-07 00:16:29;2025-01-07 00:16:41;6,64;4,43;11,07;41084;410840;101146
3;21;0000;2024-03-23 00:00;2025-01-07 00:16:13;2025-01-07 00:16:41;14,77;9,84;24,61;79859;798590;303438
4;2;0001;2024-01-07 00:00;2025-01-07 00:16:42;2025-01-07 00:16:47;2,62;1,75;4,37;10453;104530;101150
4;2;0002;2024-01-07 00:00;2025-01-07 00:16:48;2025-01-07 00:16:55;3,93;2,62;6,56;28394;283940;101150
4;2;0003;2024-01-07 00:00;2025-01-07 00:16:55;2025-01-07 00:17:06;5,85;3,90;9,75;41292;412920;101150
4;2;0000;2024-01-07 00:00;2025-01-07 00:16:42;2025-01-07 00:17:06;12,41;8,27;20,68;80139;801390;303450
4;3;0001;2024-01-11 00:00;2025-01-07 00:17:07;2025-01-07 00:17:12;2,50;1,67;4,17;10529;105290;101150
4;3;0002;2024-01-11 00:00;2025-01-07 00:17:12;2025-01-07 00:17:20;3,55;2,37;5,92;28285;282850;101150
4;3;0003;2024-01-11 00:00;2025-01-07 00:17:20;2025-01-07 00:17:30;5,14;3,43;8,57;41270;412700;101150
4;3;0000;2024-01-11 00:00;2025-01-07 00:17:07;2025-01-07 00:17:30;11,20;7,46;18,66;80084;800840;303450
4;4;0001;2024-01-15 00:00;2025-01-07 00:17:30;2025-01-07 00:17:35;2,56;1,71;4,27;10566;105660;101150
4;4;0002;2024-01-15 00:00;2025-01-07 00:17:35;2025-01-07 00:17:43;3,61;2,40;6,01;28309;283090;101150
4;4;0003;2024-01-15 00:00;2025-01-07 00:17:43;2025-01-07 00:17:53;5,17;3,44;8,61;41309;413090;101150
4;4;0000;2024-01-15 00:00;2025-01-07 00:17:30;2025-01-07 00:17:53;11,33;7,55;18,89;80184;801840;303450
4;5;0001;2024-01-19 00:00;2025-01-07 00:17:53;2025-01-07 00:17:59;2,76;1,84;4,60;10501;105010;101150
4;5;0002;2024-01-19 00:00;2025-01-07 00:17:59;2025-01-07 00:18:07;4,33;2,89;7,22;28390;283900;101150
4;5;0003;2024-01-19 00:00;2025-01-07 00:18:07;2025-01-07 00:18:18;5,52;3,68;9,20;41174;411740;101150
4;5;0000;2024-01-19 00:00;2025-01-07 00:17:53;2025-01-07 00:18:18;12,61;8,41;21,02;80065;800650;303450
4;6;0001;2024-01-23 00:00;2025-01-07 00:18:18;2025-01-07 00:18:24;2,65;1,76;4,41;10529;105290;101150
4;6;0002;2024-01-23 00:00;2025-01-07 00:18:24;2025-01-07 00:18:31;3,66;2,44;6,11;28243;282430;101150
4;6;0003;2024-01-23 00:00;2025-01-07 00:18:31;2025-01-07 00:18:41;5,31;3,54;8,85;41092;410920;101150
4;6;0000;2024-01-23 00:00;2025-01-07 00:18:18;2025-01-07 00:18:41;11,62;7,75;19,37;79864;798640;303450
4;7;0001;2024-01-27 00:00;2025-01-07 00:18:42;2025-01-07 00:18:48;2,81;1,87;4,68;10586;105860;101149
4;7;0002;2024-01-27 00:00;2025-01-07 00:18:48;2025-01-07 00:18:56;4,42;2,95;7,36;28378;283780;101149
4;7;0003;2024-01-27 00:00;2025-01-07 00:18:56;2025-01-07 00:19:07;5,63;3,75;9,39;41323;413230;101149
4;7;0000;2024-01-27 00:00;2025-01-07 00:18:42;2025-01-07 00:19:07;12,86;8,57;21,44;80287;802870;303447
4;8;0001;2024-01-31 00:00;2025-01-07 00:19:07;2025-01-07 00:19:13;2,85;1,90;4,74;10510;105100;101149
4;8;0002;2024-01-31 00:00;2025-01-07 00:19:13;2025-01-07 00:19:22;4,44;2,96;7,40;28117;281170;101149
4;8;0003;2024-01-31 00:00;2025-01-07 00:19:22;2025-01-07 00:19:33;5,68;3,79;9,47;40973;409730;101149
4;8;0000;2024-01-31 00:00;2025-01-07 00:19:07;2025-01-07 00:19:33;12,97;8,64;21,61;79600;796000;303447
4;9;0001;2024-02-04 00:00;2025-01-07 00:19:33;2025-01-07 00:19:39;2,88;1,92;4,80;10575;105750;101149
4;9;0002;2024-02-04 00:00;2025-01-07 00:19:39;2025-01-07 00:19:48;4,47;2,98;7,46;28363;283630;101149
4;9;0003;2024-02-04 00:00;2025-01-07 00:19:48;2025-01-07 00:19:59;5,75;3,84;9,59;41371;413710;101149
4;9;0000;2024-02-04 00:00;2025-01-07 00:19:33;2025-01-07 00:19:59;13,11;8,74;21,85;80309;803090;303447
4;10;0001;2024-02-08 00:00;2025-01-07 00:19:59;2025-01-07 00:20:05;2,78;1,85;4,64;10581;105810;101149
4;10;0002;2024-02-08 00:00;2025-01-07 00:20:05;2025-01-07 00:20:13;3,78;2,52;6,30;28157;281570;101149
4;10;0003;2024-02-08 00:00;2025-01-07 00:20:13;2025-01-07 00:20:24;5,78;3,85;9,64;41084;410840;101149
4;10;0000;2024-02-08 00:00;2025-01-07 00:19:59;2025-01-07 00:20:24;12,34;8,23;20,57;79822;798220;303447
4;11;0001;2024-02-12 00:00;2025-01-07 00:20:24;2025-01-07 00:20:31;3,43;2,29;5,72;10478;104780;101149
4;11;0002;2024-02-12 00:00;2025-01-07 00:20:31;2025-01-07 00:20:41;5,02;3,35;8,37;28218;282180;101149
4;11;0003;2024-02-12 00:00;2025-01-07 00:20:41;2025-01-07 00:20:53;6,56;4,37;10,93;41207;412070;101149
4;11;0000;2024-02-12 00:00;2025-01-07 00:20:24;2025-01-07 00:20:53;15,01;10,01;25,02;79903;799030;303447
4;12;0001;2024-02-16 00:00;2025-01-07 00:20:54;2025-01-07 00:21:00;3,26;2,17;5,44;10541;105410;101147
4;12;0002;2024-02-16 00:00;2025-01-07 00:21:00;2025-01-07 00:21:10;5,12;3,41;8,53;28337;283370;101147
4;12;0003;2024-02-16 00:00;2025-01-07 00:21:10;2025-01-07 00:21:22;6,25;4,17;10,42;41198;411980;101147
4;12;0000;2024-02-16 00:00;2025-01-07 00:20:54;2025-01-07 00:21:22;14,63;9,75;24,38;80076;800760;303441
4;13;0001;2024-02-20 00:00;2025-01-07 00:21:22;2025-01-07 00:21:30;3,94;2,63;6,57;10561;105610;101147
4;13;0002;2024-02-20 00:00;2025-01-07 00:21:30;2025-01-07 00:21:42;6,48;4,32;10,80;28203;282030;101147
4;13;0003;2024-02-20 00:00;2025-01-07 00:21:42;2025-01-07 00:21:54;6,45;4,30;10,75;41118;411180;101147
4;13;0000;2024-02-20 00:00;2025-01-07 00:21:22;2025-01-07 00:21:54;16,87;11,25;28,12;79882;798820;303441
4;14;0001;2024-02-24 00:00;2025-01-07 00:21:55;2025-01-07 00:22:01;3,22;2,14;5,36;10509;105090;101147
4;14;0002;2024-02-24 00:00;2025-01-07 00:22:02;2025-01-07 00:22:17;8,38;5,59;13,97;28215;282150;101147
4;14;0003;2024-02-24 00:00;2025-01-07 00:22:17;2025-01-07 00:22:31;6,78;4,52;11,30;41072;410720;101147
4;14;0000;2024-02-24 00:00;2025-01-07 00:21:55;2025-01-07 00:22:31;18,38;12,25;30,63;79796;797960;303441
4;15;0001;2024-02-28 00:00;2025-01-07 00:22:31;2025-01-07 00:22:38;3,10;2,07;5,17;10510;105100;101147
4;15;0002;2024-02-28 00:00;2025-01-07 00:22:38;2025-01-07 00:22:51;6,87;4,58;11,44;28288;282880;101147
4;15;0003;2024-02-28 00:00;2025-01-07 00:22:51;2025-01-07 00:23:02;6,13;4,09;10,22;41026;410260;101147
4;15;0000;2024-02-28 00:00;2025-01-07 00:22:31;2025-01-07 00:23:02;16,10;10,73;26,83;79824;798240;303441
4;16;0001;2024-03-03 00:00;2025-01-07 00:23:02;2025-01-07 00:23:10;3,35;2,24;5,59;10435;104350;101147
4;16;0002;2024-03-03 00:00;2025-01-07 00:23:10;2025-01-07 00:23:18;4,20;2,80;7,00;28187;281870;101147
4;16;0003;2024-03-03 00:00;2025-01-07 00:23:18;2025-01-07 00:23:30;6,30;4,20;10,49;41268;412680;101147
4;16;0000;2024-03-03 00:00;2025-01-07 00:23:02;2025-01-07 00:23:30;13,85;9,23;23,08;79890;798900;303441
4;17;0001;2024-03-07 00:00;2025-01-07 00:23:31;2025-01-07 00:23:37;3,29;2,19;5,48;10606;106060;101146
4;17;0002;2024-03-07 00:00;2025-01-07 00:23:37;2025-01-07 00:23:46;4,59;3,06;7,65;28277;282770;101146
4;17;0003;2024-03-07 00:00;2025-01-07 00:23:46;2025-01-07 00:23:58;6,41;4,28;10,69;41325;413250;101146
4;17;0000;2024-03-07 00:00;2025-01-07 00:23:31;2025-01-07 00:23:58;14,29;9,53;23,82;80208;802080;303438
4;18;0001;2024-03-11 00:00;2025-01-07 00:23:59;2025-01-07 00:24:05;2,99;2,00;4,99;10434;104340;101146
4;18;0002;2024-03-11 00:00;2025-01-07 00:24:05;2025-01-07 00:24:13;4,02;2,68;6,70;28263;282630;101146
4;18;0003;2024-03-11 00:00;2025-01-07 00:24:13;2025-01-07 00:24:25;6,29;4,19;10,48;41187;411870;101146
4;18;0000;2024-03-11 00:00;2025-01-07 00:23:59;2025-01-07 00:24:25;13,30;8,87;22,17;79884;798840;303438
4;19;0001;2024-03-15 00:00;2025-01-07 00:24:25;2025-01-07 00:24:31;3,10;2,07;5,17;10463;104630;101146
4;19;0002;2024-03-15 00:00;2025-01-07 00:24:31;2025-01-07 00:24:40;4,15;2,77;6,91;28400;284000;101146
4;19;0003;2024-03-15 00:00;2025-01-07 00:24:40;2025-01-07 00:24:51;6,20;4,13;10,33;41298;412980;101146
4;19;0000;2024-03-15 00:00;2025-01-07 00:24:25;2025-01-07 00:24:51;13,45;8,97;22,41;80161;801610;303438
4;20;0001;2024-03-19 00:00;2025-01-07 00:24:51;2025-01-07 00:24:58;3,25;2,17;5,42;10519;105190;101146
4;20;0002;2024-03-19 00:00;2025-01-07 00:24:58;2025-01-07 00:25:07;4,69;3,13;7,81;28314;283140;101146
4;20;0003;2024-03-19 00:00;2025-01-07 00:25:07;2025-01-07 00:25:19;6,38;4,26;10,64;41139;411390;101146
4;20;0000;2024-03-19 00:00;2025-01-07 00:24:51;2025-01-07 00:25:19;14,33;9,55;23,88;79972;799720;303438
4;21;0001;2024-03-23 00:00;2025-01-07 00:25:19;2025-01-07 00:25:26;3,36;2,24;5,60;10470;104700;101146
4;21;0002;2024-03-23 00:00;2025-01-07 00:25:26;2025-01-07 00:25:36;4,82;3,21;8,03;28273;282730;101146
4;21;0003;2024-03-23 00:00;2025-01-07 00:25:36;2025-01-07 00:25:48;6,73;4,49;11,22;41268;412680;101146
4;21;0000;2024-03-23 00:00;2025-01-07 00:25:19;2025-01-07 00:25:48;14,91;9,94;24,84;80011;800110;303438
5;2;0001;2024-01-07 00:00;2025-01-07 00:25:48;2025-01-07 00:25:55;2,78;1,85;4,63;10477;104770;101150
5;2;0002;2024-01-07 00:00;2025-01-07 00:25:55;2025-01-07 00:26:03;4,46;2,98;7,44;28298;282980;101150
5;2;0003;2024-01-07 00:00;2025-01-07 00:26:03;2025-01-07 00:26:15;6,08;4,05;10,13;41104;411040;101150
5;2;0000;2024-01-07 00:00;2025-01-07 00:25:48;2025-01-07 00:26:15;13,32;8,88;22,20;79879;798790;303450
5;3;0001;2024-01-11 00:00;2025-01-07 00:26:15;2025-01-07 00:26:21;2,64;1,76;4,40;10541;105410;101150
5;3;0002;2024-01-11 00:00;2025-01-07 00:26:21;2025-01-07 00:26:29;4,26;2,84;7,10;28434;284340;101150
5;3;0003;2024-01-11 00:00;2025-01-07 00:26:29;2025-01-07 00:26:40;5,34;3,56;8,90;41458;414580;101150
5;3;0000;2024-01-11 00:00;2025-01-07 00:26:15;2025-01-07 00:26:40;12,24;8,16;20,41;80433;804330;303450
5;4;0001;2024-01-15 00:00;2025-01-07 00:26:40;2025-01-07 00:26:46;2,69;1,79;4,49;10601;106010;101150
5;4;0002;2024-01-15 00:00;2025-01-07 00:26:46;2025-01-07 00:26:54;4,29;2,86;7,16;28250;282500;101150
5;4;0003;2024-01-15 00:00;2025-01-07 00:26:54;2025-01-07 00:27:05;5,33;3,56;8,89;41120;411200;101150
5;4;0000;2024-01-15 00:00;2025-01-07 00:26:40;2025-01-07 00:27:05;12,32;8,21;20,54;79971;799710;303450
5;5;0001;2024-01-19 00:00;2025-01-07 00:27:05;2025-01-07 00:27:11;2,70;1,80;4,51;10507;105070;101150
5;5;0002;2024-01-19 00:00;2025-01-07 00:27:11;2025-01-07 00:27:19;4,40;2,94;7,34;28317;283170;101150
5;5;0003;2024-01-19 00:00;2025-01-07 00:27:19;2025-01-07 00:27:30;5,42;3,61;9,04;41153;411530;101150
5;5;0000;2024-01-19 00:00;2025-01-07 00:27:05;2025-01-07 00:27:30;12,53;8,35;20,88;79977;799770;303450
5;6;0001;2024-01-23 00:00;2025-01-07 00:27:30;2025-01-07 00:27:36;2,80;1,86;4,66;10461;104610;101150
5;6;0002;2024-01-23 00:00;2025-01-07 00:27:36;2025-01-07 00:27:44;4,27;2,85;7,12;28221;282210;101150
5;6;0003;2024-01-23 00:00;2025-01-07 00:27:44;2025-01-07 00:27:55;5,48;3,65;9,13;41208;412080;101150
5;6;0000;2024-01-23 00:00;2025-01-07 00:27:30;2025-01-07 00:27:55;12,55;8,36;20,91;79890;798900;303450
5;7;0001;2024-01-27 00:00;2025-01-07 00:27:55;2025-01-07 00:28:01;2,83;1,88;4,71;10403;104030;101149
5;7;0002;2024-01-27 00:00;2025-01-07 00:28:01;2025-01-07 00:28:10;4,61;3,07;7,68;28156;281560;101149
5;7;0003;2024-01-27 00:00;2025-01-07 00:28:10;2025-01-07 00:28:21;5,61;3,74;9,35;41073;410730;101149
5;7;0000;2024-01-27 00:00;2025-01-07 00:27:55;2025-01-07 00:28:21;13,05;8,70;21,74;79632;796320;303447
5;8;0001;2024-01-31 00:00;2025-01-07 00:28:21;2025-01-07 00:28:27;2,81;1,87;4,69;10465;104650;101149
5;8;0002;2024-01-31 00:00;2025-01-07 00:28:27;2025-01-07 00:28:36;4,37;2,91;7,28;28205;282050;101149
5;8;0003;2024-01-31 00:00;2025-01-07 00:28:36;2025-01-07 00:28:46;5,62;3,75;9,37;41138;411380;101149
5;8;0000;2024-01-31 00:00;2025-01-07 00:28:21;2025-01-07 00:28:46;12,80;8,54;21,34;79808;798080;303447
5;9;0001;2024-02-04 00:00;2025-01-07 00:28:47;2025-01-07 00:28:53;2,86;1,91;4,77;10514;105140;101149
5;9;0002;2024-02-04 00:00;2025-01-07 00:28:53;2025-01-07 00:29:01;4,44;2,96;7,40;28233;282330;101149
5;9;0003;2024-02-04 00:00;2025-01-07 00:29:01;2025-01-07 00:29:12;5,69;3,79;9,48;41086;410860;101149
5;9;0000;2024-02-04 00:00;2025-01-07 00:28:47;2025-01-07 00:29:12;12,99;8,66;21,65;79833;798330;303447
5;10;0001;2024-02-08 00:00;2025-01-07 00:29:12;2025-01-07 00:29:18;2,94;1,96;4,90;10536;105360;101149
5;10;0002;2024-02-08 00:00;2025-01-07 00:29:19;2025-01-07 00:29:27;4,33;2,89;7,22;28052;280520;101149
5;10;0003;2024-02-08 00:00;2025-01-07 00:29:27;2025-01-07 00:29:38;5,76;3,84;9,61;40968;409680;101149
5;10;0000;2024-02-08 00:00;2025-01-07 00:29:12;2025-01-07 00:29:38;13,04;8,69;21,73;79556;795560;303447
5;11;0001;2024-02-12 00:00;2025-01-07 00:29:38;2025-01-07 00:29:44;2,94;1,96;4,90;10484;104840;101149
5;11;0002;2024-02-12 00:00;2025-01-07 00:29:44;2025-01-07 00:29:53;4,48;2,99;7,46;28381;283810;101149
5;11;0003;2024-02-12 00:00;2025-01-07 00:29:53;2025-01-07 00:30:04;5,96;3,97;9,93;41151;411510;101149
5;11;0000;2024-02-12 00:00;2025-01-07 00:29:38;2025-01-07 00:30:04;13,38;8,92;22,29;80016;800160;303447
5;12;0001;2024-02-16 00:00;2025-01-07 00:30:05;2025-01-07 00:30:11;2,98;1,99;4,96;10511;105110;101147
5;12;0002;2024-02-16 00:00;2025-01-07 00:30:11;2025-01-07 00:30:23;6,51;4,34;10,86;28309;283090;101147
5;12;0003;2024-02-16 00:00;2025-01-07 00:30:23;2025-01-07 00:30:34;5,96;3,97;9,93;41157;411570;101147
5;12;0000;2024-02-16 00:00;2025-01-07 00:30:05;2025-01-07 00:30:34;15,45;10,30;25,75;79977;799770;303441
5;13;0001;2024-02-20 00:00;2025-01-07 00:30:34;2025-01-07 00:30:41;3,20;2,13;5,33;10477;104770;101147
5;13;0002;2024-02-20 00:00;2025-01-07 00:30:41;2025-01-07 00:30:54;7,03;4,69;11,72;28160;281600;101147
5;13;0003;2024-02-20 00:00;2025-01-07 00:30:55;2025-01-07 00:31:06;6,22;4,14;10,36;41245;412450;101147
5;13;0000;2024-02-20 00:00;2025-01-07 00:30:34;2025-01-07 00:31:06;16,45;10,97;27,41;79882;798820;303441
5;14;0001;2024-02-24 00:00;2025-01-07 00:31:07;2025-01-07 00:31:13;2,97;1,98;4,95;10483;104830;101147
5;14;0002;2024-02-24 00:00;2025-01-07 00:31:13;2025-01-07 00:31:24;6,08;4,05;10,13;28100;281000;101147
5;14;0003;2024-02-24 00:00;2025-01-07 00:31:24;2025-01-07 00:31:36;6,14;4,10;10,24;41079;410790;101147
5;14;0000;2024-02-24 00:00;2025-01-07 00:31:07;2025-01-07 00:31:36;15,19;10,13;25,32;79662;796620;303441
5;15;0001;2024-02-28 00:00;2025-01-07 00:31:36;2025-01-07 00:31:42;3,13;2,09;5,22;10492;104920;101147
5;15;0002;2024-02-28 00:00;2025-01-07 00:31:42;2025-01-07 00:31:55;6,89;4,59;11,48;28265;282650;101147
5;15;0003;2024-02-28 00:00;2025-01-07 00:31:55;2025-01-07 00:32:07;6,10;4,07;10,17;41180;411800;101147
5;15;0000;2024-02-28 00:00;2025-01-07 00:31:36;2025-01-07 00:32:07;16,12;10,75;26,87;79937;799370;303441
5;16;0001;2024-03-03 00:00;2025-01-07 00:32:07;2025-01-07 00:32:13;3,07;2,04;5,11;10499;104990;101147
5;16;0002;2024-03-03 00:00;2025-01-07 00:32:13;2025-01-07 00:32:21;3,99;2,66;6,65;28396;283960;101147
5;16;0003;2024-03-03 00:00;2025-01-07 00:32:21;2025-01-07 00:32:32;6,01;4,01;10,02;41248;412480;101147
5;16;0000;2024-03-03 00:00;2025-01-07 00:32:07;2025-01-07 00:32:32;13,06;8,71;21,77;80143;801430;303441
5;17;0001;2024-03-07 00:00;2025-01-07 00:32:33;2025-01-07 00:32:39;3,05;2,03;5,08;10635;106350;101146
5;17;0002;2024-03-07 00:00;2025-01-07 00:32:39;2025-01-07 00:32:47;4,03;2,69;6,71;28317;283170;101146
5;17;0003;2024-03-07 00:00;2025-01-07 00:32:47;2025-01-07 00:32:58;6,17;4,11;10,29;41145;411450;101146
5;17;0000;2024-03-07 00:00;2025-01-07 00:32:33;2025-01-07 00:32:58;13,25;8,83;22,08;80097;800970;303438
5;18;0001;2024-03-11 00:00;2025-01-07 00:32:59;2025-01-07 00:33:05;3,16;2,10;5,26;10538;105380;101146
5;18;0002;2024-03-11 00:00;2025-01-07 00:33:05;2025-01-07 00:33:14;4,67;3,11;7,78;28316;283160;101146
5;18;0003;2024-03-11 00:00;2025-01-07 00:33:15;2025-01-07 00:33:27;6,47;4,31;10,78;41158;411580;101146
5;18;0000;2024-03-11 00:00;2025-01-07 00:32:59;2025-01-07 00:33:27;14,29;9,53;23,82;80012;800120;303438
5;19;0001;2024-03-15 00:00;2025-01-07 00:33:27;2025-01-07 00:33:33;3,09;2,06;5,15;10533;105330;101146
5;19;0002;2024-03-15 00:00;2025-01-07 00:33:34;2025-01-07 00:33:41;4,06;2,71;6,76;28198;281980;101146
5;19;0003;2024-03-15 00:00;2025-01-07 00:33:42;2025-01-07 00:33:53;6,31;4,20;10,51;41176;411760;101146
5;19;0000;2024-03-15 00:00;2025-01-07 00:33:27;2025-01-07 00:33:53;13,45;8,97;22,42;79907;799070;303438
5;20;0001;2024-03-19 00:00;2025-01-07 00:33:54;2025-01-07 00:34:00;3,28;2,18;5,46;10581;105810;101146
5;20;0002;2024-03-19 00:00;2025-01-07 00:34:00;2025-01-07 00:34:09;4,68;3,12;7,80;28353;283530;101146
5;20;0003;2024-03-19 00:00;2025-01-07 00:34:10;2025-01-07 00:34:21;6,36;4,24;10,61;41323;413230;101146
5;20;0000;2024-03-19 00:00;2025-01-07 00:33:54;2025-01-07 00:34:21;14,32;9,55;23,87;80257;802570;303438
5;21;0001;2024-03-23 00:00;2025-01-07 00:34:22;2025-01-07 00:34:28;3,17;2,11;5,28;10485;104850;101146
5;21;0002;2024-03-23 00:00;2025-01-07 00:34:28;2025-01-07 00:34:36;3,99;2,66;6,64;28146;281460;101146
5;21;0003;2024-03-23 00:00;2025-01-07 00:34:36;2025-01-07 00:34:48;6,27;4,18;10,46;41062;410620;101146
5;21;0000;2024-03-23 00:00;2025-01-07 00:34:22;2025-01-07 00:34:48;13,43;8,95;22,38;79693;796930;303438
6;2;0001;2024-01-07 00:00;2025-01-07 00:34:48;2025-01-07 00:34:54;2,70;1,80;4,51;10532;105320;101150
6;2;0002;2024-01-07 00:00;2025-01-07 00:34:54;2025-01-07 00:35:03;4,58;3,05;7,63;28198;281980;101150
6;2;0003;2024-01-07 00:00;2025-01-07 00:35:03;2025-01-07 00:35:15;6,23;4,15;10,38;41216;412160;101150
6;2;0000;2024-01-07 00:00;2025-01-07 00:34:48;2025-01-07 00:35:15;13,51;9,01;22,52;79946;799460;303450
6;3;0001;2024-01-11 00:00;2025-01-07 00:35:15;2025-01-07 00:35:21;2,71;1,81;4,52;10592;105920;101150
6;3;0002;2024-01-11 00:00;2025-01-07 00:35:21;2025-01-07 00:35:30;4,38;2,92;7,30;28223;282230;101150
6;3;0003;2024-01-11 00:00;2025-01-07 00:35:30;2025-01-07 00:35:40;5,52;3,68;9,21;41246;412460;101150
6;3;0000;2024-01-11 00:00;2025-01-07 00:35:15;2025-01-07 00:35:40;12,62;8,41;21,03;80061;800610;303450
6;4;0001;2024-01-15 00:00;2025-01-07 00:35:41;2025-01-07 00:35:46;2,74;1,83;4,56;10465;104650;101150
6;4;0002;2024-01-15 00:00;2025-01-07 00:35:46;2025-01-07 00:35:55;4,27;2,85;7,12;28280;282800;101150
6;4;0003;2024-01-15 00:00;2025-01-07 00:35:55;2025-01-07 00:36:05;5,44;3,62;9,06;41191;411910;101150
6;4;0000;2024-01-15 00:00;2025-01-07 00:35:41;2025-01-07 00:36:05;12,45;8,30;20,75;79936;799360;303450
6;5;0001;2024-01-19 00:00;2025-01-07 00:36:06;2025-01-07 00:36:11;2,77;1,85;4,61;10503;105030;101150
6;5;0002;2024-01-19 00:00;2025-01-07 00:36:11;2025-01-07 00:36:20;4,28;2,86;7,14;28126;281260;101150
6;5;0003;2024-01-19 00:00;2025-01-07 00:36:20;2025-01-07 00:36:30;5,48;3,65;9,13;40940;409400;101150
6;5;0000;2024-01-19 00:00;2025-01-07 00:36:06;2025-01-07 00:36:30;12,53;8,35;20,88;79569;795690;303450
6;6;0001;2024-01-23 00:00;2025-01-07 00:36:31;2025-01-07 00:36:37;2,87;1,91;4,78;10607;106070;101150
6;6;0002;2024-01-23 00:00;2025-01-07 00:36:37;2025-01-07 00:36:45;4,33;2,89;7,21;28374;283740;101150
6;6;0003;2024-01-23 00:00;2025-01-07 00:36:45;2025-01-07 00:36:56;5,74;3,83;9,57;41114;411140;101150
6;6;0000;2024-01-23 00:00;2025-01-07 00:36:31;2025-01-07 00:36:56;12,94;8,63;21,57;80095;800950;303450
6;7;0001;2024-01-27 00:00;2025-01-07 00:36:57;2025-01-07 00:37:03;2,88;1,92;4,80;10449;104490;101149
6;7;0002;2024-01-27 00:00;2025-01-07 00:37:03;2025-01-07 00:37:11;4,41;2,94;7,35;28132;281320;101149
6;7;0003;2024-01-27 00:00;2025-01-07 00:37:12;2025-01-07 00:37:22;5,67;3,78;9,45;41156;411560;101149
6;7;0000;2024-01-27 00:00;2025-01-07 00:36:57;2025-01-07 00:37:22;12,95;8,64;21,59;79737;797370;303447
6;8;0001;2024-01-31 00:00;2025-01-07 00:37:22;2025-01-07 00:37:28;2,86;1,91;4,76;10492;104920;101149
6;8;0002;2024-01-31 00:00;2025-01-07 00:37:28;2025-01-07 00:37:37;4,53;3,02;7,54;28096;280960;101149
6;8;0003;2024-01-31 00:00;2025-01-07 00:37:37;2025-01-07 00:37:48;5,71;3,81;9,51;40972;409720;101149
6;8;0000;2024-01-31 00:00;2025-01-07 00:37:22;2025-01-07 00:37:48;13,09;8,73;21,82;79560;795600;303447
6;9;0001;2024-02-04 00:00;2025-01-07 00:37:48;2025-01-07 00:37:55;2,96;1,97;4,93;10501;105010;101149
6;9;0002;2024-02-04 00:00;2025-01-07 00:37:55;2025-01-07 00:38:03;4,46;2,97;7,43;28294;282940;101149
6;9;0003;2024-02-04 00:00;2025-01-07 00:38:03;2025-01-07 00:38:14;5,84;3,89;9,73;41141;411410;101149
6;9;0000;2024-02-04 00:00;2025-01-07 00:37:48;2025-01-07 00:38:14;13,26;8,84;22,09;79936;799360;303447
6;10;0001;2024-02-08 00:00;2025-01-07 00:38:15;2025-01-07 00:38:21;3,00;2,00;5,01;10490;104900;101149
6;10;0002;2024-02-08 00:00;2025-01-07 00:38:21;2025-01-07 00:38:30;4,42;2,95;7,37;28301;283010;101149
6;10;0003;2024-02-08 00:00;2025-01-07 00:38:30;2025-01-07 00:38:41;5,92;3,95;9,87;41286;412860;101149
6;10;0000;2024-02-08 00:00;2025-01-07 00:38:15;2025-01-07 00:38:41;13,35;8,90;22,25;80077;800770;303447
6;11;0001;2024-02-12 00:00;2025-01-07 00:38:41;2025-01-07 00:38:47;2,83;1,89;4,72;10615;106150;101149
6;11;0002;2024-02-12 00:00;2025-01-07 00:38:47;2025-01-07 00:38:55;3,78;2,52;6,29;28299;282990;101149
6;11;0003;2024-02-12 00:00;2025-01-07 00:38:55;2025-01-07 00:39:06;5,76;3,84;9,60;41336;413360;101149
6;11;0000;2024-02-12 00:00;2025-01-07 00:38:41;2025-01-07 00:39:06;12,37;8,24;20,61;80250;802500;303447
6;12;0001;2024-02-16 00:00;2025-01-07 00:39:06;2025-01-07 00:39:12;2,89;1,92;4,81;10521;105210;101147
6;12;0002;2024-02-16 00:00;2025-01-07 00:39:12;2025-01-07 00:39:23;5,83;3,88;9,71;28386;283860;101147
6;12;0003;2024-02-16 00:00;2025-01-07 00:39:23;2025-01-07 00:39:34;5,86;3,91;9,77;41369;413690;101147
6;12;0000;2024-02-16 00:00;2025-01-07 00:39:06;2025-01-07 00:39:34;14,57;9,72;24,29;80276;802760;303441
6;13;0001;2024-02-20 00:00;2025-01-07 00:39:34;2025-01-07 00:39:41;3,06;2,04;5,10;10474;104740;101147
6;13;0002;2024-02-20 00:00;2025-01-07 00:39:41;2025-01-07 00:39:53;6,68;4,46;11,14;28229;282290;101147
6;13;0003;2024-02-20 00:00;2025-01-07 00:39:53;2025-01-07 00:40:05;6,04;4,02;10,06;41274;412740;101147
6;13;0000;2024-02-20 00:00;2025-01-07 00:39:34;2025-01-07 00:40:05;15,78;10,52;26,30;79977;799770;303441
6;14;0001;2024-02-24 00:00;2025-01-07 00:40:05;2025-01-07 00:40:11;3,04;2,03;5,07;10518;105180;101147
6;14;0002;2024-02-24 00:00;2025-01-07 00:40:11;2025-01-07 00:40:24;6,87;4,58;11,44;28406;284060;101147
6;14;0003;2024-02-24 00:00;2025-01-07 00:40:24;2025-01-07 00:40:35;5,83;3,88;9,71;41291;412910;101147
6;14;0000;2024-02-24 00:00;2025-01-07 00:40:05;2025-01-07 00:40:35;15,73;10,49;26,22;80215;802150;303441
6;15;0001;2024-02-28 00:00;2025-01-07 00:40:35;2025-01-07 00:40:41;2,89;1,93;4,82;10480;104800;101147
6;15;0002;2024-02-28 00:00;2025-01-07 00:40:41;2025-01-07 00:40:53;6,03;4,02;10,04;28123;281230;101147
6;15;0003;2024-02-28 00:00;2025-01-07 00:40:53;2025-01-07 00:41:04;5,93;3,95;9,88;41157;411570;101147
6;15;0000;2024-02-28 00:00;2025-01-07 00:40:35;2025-01-07 00:41:04;14,84;9,89;24,73;79760;797600;303441
6;16;0001;2024-03-03 00:00;2025-01-07 00:41:04;2025-01-07 00:41:10;2,92;1,95;4,87;10531;105310;101147
6;16;0002;2024-03-03 00:00;2025-01-07 00:41:10;2025-01-07 00:41:18;4,02;2,68;6,70;28230;282300;101147
6;16;0003;2024-03-03 00:00;2025-01-07 00:41:18;2025-01-07 00:41:29;5,83;3,89;9,72;41152;411520;101147
6;16;0000;2024-03-03 00:00;2025-01-07 00:41:04;2025-01-07 00:41:29;12,78;8,52;21,29;79913;799130;303441
6;17;0001;2024-03-07 00:00;2025-01-07 00:41:29;2025-01-07 00:41:36;3,10;2,07;5,17;10404;104040;101146
6;17;0002;2024-03-07 00:00;2025-01-07 00:41:36;2025-01-07 00:41:43;3,93;2,62;6,54;28149;281490;101146
6;17;0003;2024-03-07 00:00;2025-01-07 00:41:43;2025-01-07 00:41:55;6,00;4,00;10,00;41116;411160;101146
6;17;0000;2024-03-07 00:00;2025-01-07 00:41:29;2025-01-07 00:41:55;13,03;8,68;21,71;79669;796690;303438
6;18;0001;2024-03-11 00:00;2025-01-07 00:41:55;2025-01-07 00:42:01;2,98;1,99;4,97;10497;104970;101146
6;18;0002;2024-03-11 00:00;2025-01-07 00:42:01;2025-01-07 00:42:09;3,93;2,62;6,55;28359;283590;101146
6;18;0003;2024-03-11 00:00;2025-01-07 00:42:09;2025-01-07 00:42:20;5,98;3,98;9,96;41258;412580;101146
6;18;0000;2024-03-11 00:00;2025-01-07 00:41:55;2025-01-07 00:42:20;12,89;8,59;21,48;80114;801140;303438
6;19;0001;2024-03-15 00:00;2025-01-07 00:42:21;2025-01-07 00:42:27;3,11;2,07;5,18;10438;104380;101146
6;19;0002;2024-03-15 00:00;2025-01-07 00:42:27;2025-01-07 00:42:36;4,49;3,00;7,49;28294;282940;101146
6;19;0003;2024-03-15 00:00;2025-01-07 00:42:36;2025-01-07 00:42:47;5,97;3,98;9,95;41066;410660;101146
6;19;0000;2024-03-15 00:00;2025-01-07 00:42:21;2025-01-07 00:42:47;13,57;9,05;22,62;79798;797980;303438
6;20;0001;2024-03-19 00:00;2025-01-07 00:42:47;2025-01-07 00:42:53;3,03;2,02;5,05;10525;105250;101146
6;20;0002;2024-03-19 00:00;2025-01-07 00:42:53;2025-01-07 00:43:02;4,23;2,82;7,04;28195;281950;101146
6;20;0003;2024-03-19 00:00;2025-01-07 00:43:02;2025-01-07 00:43:14;6,46;4,31;10,77;41214;412140;101146
6;20;0000;2024-03-19 00:00;2025-01-07 00:42:47;2025-01-07 00:43:14;13,71;9,14;22,86;79934;799340;303438
6;21;0001;2024-03-23 00:00;2025-01-07 00:43:14;2025-01-07 00:43:21;3,17;2,11;5,28;10553;105530;101146
6;21;0002;2024-03-23 00:00;2025-01-07 00:43:21;2025-01-07 00:43:29;3,90;2,60;6,50;27992;279920;101146
6;21;0003;2024-03-23 00:00;2025-01-07 00:43:29;2025-01-07 00:43:40;6,17;4,11;10,28;40990;409900;101146
6;21;0000;2024-03-23 00:00;2025-01-07 00:43:14;2025-01-07 00:43:40;13,23;8,82;22,05;79535;795350;303438
7;2;0001;2024-01-07 00:00;2025-01-07 00:43:40;2025-01-07 00:43:46;2,62;1,75;4,37;10523;105230;101150
7;2;0002;2024-01-07 00:00;2025-01-07 00:43:46;2025-01-07 00:43:55;4,40;2,93;7,33;28084;280840;101150
7;2;0003;2024-01-07 00:00;2025-01-07 00:43:55;2025-01-07 00:44:06;5,95;3,97;9,91;41047;410470;101150
7;2;0000;2024-01-07 00:00;2025-01-07 00:43:40;2025-01-07 00:44:06;12,97;8,64;21,61;79654;796540;303450
7;3;0001;2024-01-11 00:00;2025-01-07 00:44:06;2025-01-07 00:44:12;2,65;1,76;4,41;10527;105270;101150
7;3;0002;2024-01-11 00:00;2025-01-07 00:44:12;2025-01-07 00:44:21;4,34;2,89;7,24;28155;281550;101150
7;3;0003;2024-01-11 00:00;2025-01-07 00:44:21;2025-01-07 00:44:30;5,16;3,44;8,60;41103;411030;101150
7;3;0000;2024-01-11 00:00;2025-01-07 00:44:06;2025-01-07 00:44:30;12,15;8,10;20,25;79785;797850;303450
7;4;0001;2024-01-15 00:00;2025-01-07 00:44:31;2025-01-07 00:44:37;2,64;1,76;4,41;10529;105290;101150
7;4;0002;2024-01-15 00:00;2025-01-07 00:44:37;2025-01-07 00:44:45;4,14;2,76;6,90;28226;282260;101150
7;4;0003;2024-01-15 00:00;2025-01-07 00:44:45;2025-01-07 00:44:55;5,30;3,54;8,84;41239;412390;101150
7;4;0000;2024-01-15 00:00;2025-01-07 00:44:31;2025-01-07 00:44:55;12,09;8,06;20,14;79994;799940;303450
7;5;0001;2024-01-19 00:00;2025-01-07 00:44:55;2025-01-07 00:45:01;2,72;1,81;4,53;10482;104820;101150
7;5;0002;2024-01-19 00:00;2025-01-07 00:45:01;2025-01-07 00:45:09;4,15;2,77;6,92;28133;281330;101150
7;5;0003;2024-01-19 00:00;2025-01-07 00:45:09;2025-01-07 00:45:19;5,38;3,58;8,96;40988;409880;101150
7;5;0000;2024-01-19 00:00;2025-01-07 00:44:55;2025-01-07 00:45:19;12,25;8,16;20,41;79603;796030;303450
7;6;0001;2024-01-23 00:00;2025-01-07 00:45:20;2025-01-07 00:45:26;2,73;1,82;4,55;10569;105690;101150
7;6;0002;2024-01-23 00:00;2025-01-07 00:45:26;2025-01-07 00:45:34;4,18;2,79;6,97;28378;283780;101150
7;6;0003;2024-01-23 00:00;2025-01-07 00:45:34;2025-01-07 00:45:44;5,43;3,62;9,05;41152;411520;101150
7;6;0000;2024-01-23 00:00;2025-01-07 00:45:20;2025-01-07 00:45:44;12,34;8,22;20,56;80099;800990;303450
7;7;0001;2024-01-27 00:00;2025-01-07 00:45:44;2025-01-07 00:45:50;2,77;1,85;4,62;10582;105820;101149
7;7;0002;2024-01-27 00:00;2025-01-07 00:45:50;2025-01-07 00:45:58;4,21;2,81;7,02;28316;283160;101149
7;7;0003;2024-01-27 00:00;2025-01-07 00:45:58;2025-01-07 00:46:09;5,52;3,68;9,20;41279;412790;101149
7;7;0000;2024-01-27 00:00;2025-01-07 00:45:44;2025-01-07 00:46:09;12,50;8,34;20,84;80177;801770;303447
7;8;0001;2024-01-31 00:00;2025-01-07 00:46:09;2025-01-07 00:46:15;2,70;1,80;4,50;10445;104450;101149
7;8;0002;2024-01-31 00:00;2025-01-07 00:46:15;2025-01-07 00:46:22;3,60;2,40;6,00;28176;281760;101149
7;8;0003;2024-01-31 00:00;2025-01-07 00:46:22;2025-01-07 00:46:32;5,27;3,51;8,78;41181;411810;101149
7;8;0000;2024-01-31 00:00;2025-01-07 00:46:09;2025-01-07 00:46:32;11,57;7,71;19,29;79802;798020;303447
7;9;0001;2024-02-04 00:00;2025-01-07 00:46:33;2025-01-07 00:46:38;2,82;1,88;4,69;10498;104980;101149
7;9;0002;2024-02-04 00:00;2025-01-07 00:46:38;2025-01-07 00:46:47;4,34;2,90;7,24;28141;281410;101149
7;9;0003;2024-02-04 00:00;2025-01-07 00:46:47;2025-01-07 00:46:58;5,68;3,79;9,47;41112;411120;101149
7;9;0000;2024-02-04 00:00;2025-01-07 00:46:33;2025-01-07 00:46:58;12,84;8,56;21,41;79751;797510;303447
7;10;0001;2024-02-08 00:00;2025-01-07 00:46:58;2025-01-07 00:47:04;2,75;1,83;4,58;10515;105150;101149
7;10;0002;2024-02-08 00:00;2025-01-07 00:47:04;2025-01-07 00:47:11;3,65;2,44;6,09;28162;281620;101149
7;10;0003;2024-02-08 00:00;2025-01-07 00:47:11;2025-01-07 00:47:21;5,38;3,59;8,97;41083;410830;101149
7;10;0000;2024-02-08 00:00;2025-01-07 00:46:58;2025-01-07 00:47:21;11,78;7,86;19,64;79760;797600;303447
7;11;0001;2024-02-12 00:00;2025-01-07 00:47:22;2025-01-07 00:47:28;2,87;1,91;4,78;10500;105000;101149
7;11;0002;2024-02-12 00:00;2025-01-07 00:47:28;2025-01-07 00:47:36;4,37;2,91;7,28;28348;283480;101149
7;11;0003;2024-02-12 00:00;2025-01-07 00:47:36;2025-01-07 00:47:47;5,76;3,84;9,59;41216;412160;101149
7;11;0000;2024-02-12 00:00;2025-01-07 00:47:22;2025-01-07 00:47:47;12,99;8,66;21,65;80064;800640;303447
7;12;0001;2024-02-16 00:00;2025-01-07 00:47:48;2025-01-07 00:47:53;2,77;1,84;4,61;10555;105550;101147
7;12;0002;2024-02-16 00:00;2025-01-07 00:47:53;2025-01-07 00:48:02;4,63;3,09;7,72;28255;282550;101147
7;12;0003;2024-02-16 00:00;2025-01-07 00:48:02;2025-01-07 00:48:13;5,83;3,89;9,72;41174;411740;101147
7;12;0000;2024-02-16 00:00;2025-01-07 00:47:48;2025-01-07 00:48:13;13,23;8,82;22,05;79984;799840;303441
7;13;0001;2024-02-20 00:00;2025-01-07 00:48:14;2025-01-07 00:48:20;2,94;1,96;4,91;10533;105330;101147
7;13;0002;2024-02-20 00:00;2025-01-07 00:48:20;2025-01-07 00:48:33;7,05;4,70;11,74;28338;283380;101147
7;13;0003;2024-02-20 00:00;2025-01-07 00:48:33;2025-01-07 00:48:44;6,01;4,01;10,02;41304;413040;101147
7;13;0000;2024-02-20 00:00;2025-01-07 00:48:14;2025-01-07 00:48:44;16,00;10,67;26,67;80175;801750;303441
7;14;0001;2024-02-24 00:00;2025-01-07 00:48:44;2025-01-07 00:48:51;2,95;1,96;4,91;10479;104790;101147
7;14;0002;2024-02-24 00:00;2025-01-07 00:48:51;2025-01-07 00:49:03;6,46;4,31;10,77;28063;280630;101147
7;14;0003;2024-02-24 00:00;2025-01-07 00:49:03;2025-01-07 00:49:16;6,79;4,53;11,31;41108;411080;101147
7;14;0000;2024-02-24 00:00;2025-01-07 00:48:44;2025-01-07 00:49:16;16,20;10,80;27,00;79650;796500;303441
7;15;0001;2024-02-28 00:00;2025-01-07 00:49:16;2025-01-07 00:49:23;3,08;2,05;5,13;10557;105570;101147
7;15;0002;2024-02-28 00:00;2025-01-07 00:49:23;2025-01-07 00:49:38;8,28;5,52;13,80;28256;282560;101147
7;15;0003;2024-02-28 00:00;2025-01-07 00:49:38;2025-01-07 00:49:51;6,81;4,54;11,35;41239;412390;101147
7;15;0000;2024-02-28 00:00;2025-01-07 00:49:16;2025-01-07 00:49:51;18,17;12,11;30,28;80052;800520;303441
7;16;0001;2024-03-03 00:00;2025-01-07 00:49:51;2025-01-07 00:49:59;3,95;2,63;6,58;10514;105140;101147
7;16;0002;2024-03-03 00:00;2025-01-07 00:49:59;2025-01-07 00:50:09;5,05;3,36;8,41;28221;282210;101147
7;16;0003;2024-03-03 00:00;2025-01-07 00:50:09;2025-01-07 00:50:21;6,47;4,31;10,78;41150;411500;101147
7;16;0000;2024-03-03 00:00;2025-01-07 00:49:51;2025-01-07 00:50:21;15,46;10,31;25,77;79885;798850;303441
7;17;0001;2024-03-07 00:00;2025-01-07 00:50:22;2025-01-07 00:50:29;3,25;2,16;5,41;10449;104490;101146
7;17;0002;2024-03-07 00:00;2025-01-07 00:50:29;2025-01-07 00:50:37;4,35;2,90;7,24;28354;283540;101146
7;17;0003;2024-03-07 00:00;2025-01-07 00:50:37;2025-01-07 00:50:50;6,53;4,36;10,89;41274;412740;101146
7;17;0000;2024-03-07 00:00;2025-01-07 00:50:22;2025-01-07 00:50:50;14,13;9,42;23,54;80077;800770;303438
7;18;0001;2024-03-11 00:00;2025-01-07 00:50:50;2025-01-07 00:50:57;3,22;2,14;5,36;10479;104790;101146
7;18;0002;2024-03-11 00:00;2025-01-07 00:50:57;2025-01-07 00:51:05;4,20;2,80;7,00;28205;282050;101146
7;18;0003;2024-03-11 00:00;2025-01-07 00:51:05;2025-01-07 00:51:17;6,39;4,26;10,66;41143;411430;101146
7;18;0000;2024-03-11 00:00;2025-01-07 00:50:50;2025-01-07 00:51:17;13,81;9,21;23,02;79827;798270;303438
7;19;0001;2024-03-15 00:00;2025-01-07 00:51:17;2025-01-07 00:51:24;3,22;2,14;5,36;10506;105060;101146
7;19;0002;2024-03-15 00:00;2025-01-07 00:51:24;2025-01-07 00:51:33;4,32;2,88;7,20;28204;282040;101146
7;19;0003;2024-03-15 00:00;2025-01-07 00:51:33;2025-01-07 00:51:45;6,48;4,32;10,81;41284;412840;101146
7;19;0000;2024-03-15 00:00;2025-01-07 00:51:17;2025-01-07 00:51:45;14,02;9,35;23,37;79994;799940;303438
7;20;0001;2024-03-19 00:00;2025-01-07 00:51:45;2025-01-07 00:51:52;3,37;2,24;5,61;10458;104580;101146
7;20;0002;2024-03-19 00:00;2025-01-07 00:51:52;2025-01-07 00:52:02;5,06;3,37;8,43;28292;282920;101146
7;20;0003;2024-03-19 00:00;2025-01-07 00:52:02;2025-01-07 00:52:14;6,68;4,45;11,13;41220;412200;101146
7;20;0000;2024-03-19 00:00;2025-01-07 00:51:45;2025-01-07 00:52:14;15,10;10,07;25,17;79970;799700;303438
7;21;0001;2024-03-23 00:00;2025-01-07 00:52:15;2025-01-07 00:52:21;3,30;2,20;5,50;10490;104900;101146
7;21;0002;2024-03-23 00:00;2025-01-07 00:52:22;2025-01-07 00:52:30;4,20;2,80;7,01;28268;282680;101146
7;21;0003;2024-03-23 00:00;2025-01-07 00:52:30;2025-01-07 00:52:42;6,52;4,35;10,87;41140;411400;101146
7;21;0000;2024-03-23 00:00;2025-01-07 00:52:15;2025-01-07 00:52:42;14,03;9,35;23,38;79898;798980;303438
8;2;0001;2024-01-07 00:00;2025-01-07 00:52:42;2025-01-07 00:52:49;2,80;1,86;4,66;10459;104590;101150
8;2;0002;2024-01-07 00:00;2025-01-07 00:52:49;2025-01-07 00:52:58;4,86;3,24;8,11;28294;282940;101150
8;2;0003;2024-01-07 00:00;2025-01-07 00:52:58;2025-01-07 00:53:11;6,73;4,48;11,21;41191;411910;101150
8;2;0000;2024-01-07 00:00;2025-01-07 00:52:42;2025-01-07 00:53:11;14,39;9,59;23,98;79944;799440;303450
8;3;0001;2024-01-11 00:00;2025-01-07 00:53:11;2025-01-07 00:53:18;2,91;1,94;4,86;10492;104920;101150
8;3;0002;2024-01-11 00:00;2025-01-07 00:53:18;2025-01-07 00:53:26;4,46;2,97;7,43;28222;282220;101150
8;3;0003;2024-01-11 00:00;2025-01-07 00:53:27;2025-01-07 00:53:37;5,50;3,66;9,16;41262;412620;101150
8;3;0000;2024-01-11 00:00;2025-01-07 00:53:11;2025-01-07 00:53:37;12,86;8,58;21,44;79976;799760;303450
8;4;0001;2024-01-15 00:00;2025-01-07 00:53:37;2025-01-07 00:53:44;2,91;1,94;4,84;10521;105210;101150
8;4;0002;2024-01-15 00:00;2025-01-07 00:53:44;2025-01-07 00:53:52;4,45;2,97;7,42;28213;282130;101150
8;4;0003;2024-01-15 00:00;2025-01-07 00:53:53;2025-01-07 00:54:04;5,75;3,84;9,59;41039;410390;101150
8;4;0000;2024-01-15 00:00;2025-01-07 00:53:37;2025-01-07 00:54:04;13,11;8,74;21,86;79773;797730;303450
8;5;0001;2024-01-19 00:00;2025-01-07 00:54:04;2025-01-07 00:54:10;2,80;1,87;4,67;10402;104020;101150
8;5;0002;2024-01-19 00:00;2025-01-07 00:54:10;2025-01-07 00:54:19;4,48;2,99;7,47;28085;280850;101150
8;5;0003;2024-01-19 00:00;2025-01-07 00:54:19;2025-01-07 00:54:30;6,02;4,01;10,04;41079;410790;101150
8;5;0000;2024-01-19 00:00;2025-01-07 00:54:04;2025-01-07 00:54:30;13,30;8,87;22,17;79566;795660;303450
8;6;0001;2024-01-23 00:00;2025-01-07 00:54:31;2025-01-07 00:54:37;2,87;1,91;4,78;10456;104560;101150
8;6;0002;2024-01-23 00:00;2025-01-07 00:54:37;2025-01-07 00:54:45;4,54;3,03;7,56;28390;283900;101150
8;6;0003;2024-01-23 00:00;2025-01-07 00:54:46;2025-01-07 00:54:57;5,86;3,91;9,77;41382;413820;101150
8;6;0000;2024-01-23 00:00;2025-01-07 00:54:31;2025-01-07 00:54:57;13,27;8,84;22,11;80228;802280;303450
8;7;0001;2024-01-27 00:00;2025-01-07 00:54:57;2025-01-07 00:55:03;3,02;2,01;5,04;10510;105100;101149
8;7;0002;2024-01-27 00:00;2025-01-07 00:55:03;2025-01-07 00:55:12;4,67;3,11;7,78;28313;283130;101149
8;7;0003;2024-01-27 00:00;2025-01-07 00:55:12;2025-01-07 00:55:24;6,07;4,05;10,12;41325;413250;101149
8;7;0000;2024-01-27 00:00;2025-01-07 00:54:57;2025-01-07 00:55:24;13,76;9,18;22,94;80148;801480;303447
8;8;0001;2024-01-31 00:00;2025-01-07 00:55:24;2025-01-07 00:55:30;2,99;1,99;4,99;10472;104720;101149
8;8;0002;2024-01-31 00:00;2025-01-07 00:55:31;2025-01-07 00:55:40;4,78;3,19;7,97;28168;281680;101149
8;8;0003;2024-01-31 00:00;2025-01-07 00:55:40;2025-01-07 00:55:51;5,97;3,98;9,96;41313;413130;101149
8;8;0000;2024-01-31 00:00;2025-01-07 00:55:24;2025-01-07 00:55:51;13,75;9,17;22,92;79953;799530;303447
8;9;0001;2024-02-04 00:00;2025-01-07 00:55:52;2025-01-07 00:55:58;2,96;1,97;4,93;10529;105290;101149
8;9;0002;2024-02-04 00:00;2025-01-07 00:55:58;2025-01-07 00:56:08;5,28;3,52;8,80;28112;281120;101149
8;9;0003;2024-02-04 00:00;2025-01-07 00:56:08;2025-01-07 00:56:20;6,13;4,09;10,22;40999;409990;101149
8;9;0000;2024-02-04 00:00;2025-01-07 00:55:52;2025-01-07 00:56:20;14,37;9,58;23,95;79640;796400;303447
8;10;0001;2024-02-08 00:00;2025-01-07 00:56:20;2025-01-07 00:56:26;3,00;2,00;5,01;10459;104590;101149
8;10;0002;2024-02-08 00:00;2025-01-07 00:56:26;2025-01-07 00:56:36;4,85;3,23;8,08;28186;281860;101149
8;10;0003;2024-02-08 00:00;2025-01-07 00:56:36;2025-01-07 00:56:48;6,27;4,18;10,45;40980;409800;101149
8;10;0000;2024-02-08 00:00;2025-01-07 00:56:20;2025-01-07 00:56:48;14,12;9,42;23,54;79625;796250;303447
8;11;0001;2024-02-12 00:00;2025-01-07 00:56:48;2025-01-07 00:56:55;3,32;2,22;5,54;10532;105320;101149
8;11;0002;2024-02-12 00:00;2025-01-07 00:56:55;2025-01-07 00:57:05;5,21;3,47;8,68;28423;284230;101149
8;11;0003;2024-02-12 00:00;2025-01-07 00:57:05;2025-01-07 00:57:18;6,85;4,57;11,42;41361;413610;101149
8;11;0000;2024-02-12 00:00;2025-01-07 00:56:48;2025-01-07 00:57:18;15,38;10,25;25,64;80316;803160;303447
8;12;0001;2024-02-16 00:00;2025-01-07 00:57:18;2025-01-07 00:57:25;3,39;2,26;5,65;10529;105290;101147
8;12;0002;2024-02-16 00:00;2025-01-07 00:57:25;2025-01-07 00:57:38;6,95;4,63;11,58;28238;282380;101147
8;12;0003;2024-02-16 00:00;2025-01-07 00:57:38;2025-01-07 00:57:51;6,73;4,49;11,21;41180;411800;101147
8;12;0000;2024-02-16 00:00;2025-01-07 00:57:18;2025-01-07 00:57:51;17,07;11,38;28,45;79947;799470;303441
8;13;0001;2024-02-20 00:00;2025-01-07 00:57:51;2025-01-07 00:57:58;3,28;2,18;5,46;10408;104080;101147
8;13;0002;2024-02-20 00:00;2025-01-07 00:57:58;2025-01-07 00:58:11;7,37;4,91;12,28;28244;282440;101147
8;13;0003;2024-02-20 00:00;2025-01-07 00:58:12;2025-01-07 00:58:24;6,74;4,50;11,24;41238;412380;101147
8;13;0000;2024-02-20 00:00;2025-01-07 00:57:51;2025-01-07 00:58:24;17,39;11,59;28,98;79890;798900;303441
8;14;0001;2024-02-24 00:00;2025-01-07 00:58:24;2025-01-07 00:58:31;3,36;2,24;5,60;10634;106340;101147
8;14;0002;2024-02-24 00:00;2025-01-07 00:58:31;2025-01-07 00:58:45;7,38;4,92;12,30;28329;283290;101147
8;14;0003;2024-02-24 00:00;2025-01-07 00:58:45;2025-01-07 00:58:57;6,64;4,42;11,06;41171;411710;101147
8;14;0000;2024-02-24 00:00;2025-01-07 00:58:24;2025-01-07 00:58:57;17,37;11,58;28,96;80134;801340;303441
8;15;0001;2024-02-28 00:00;2025-01-07 00:58:58;2025-01-07 00:59:04;3,29;2,19;5,48;10521;105210;101147
8;15;0002;2024-02-28 00:00;2025-01-07 00:59:04;2025-01-07 00:59:18;7,49;4,99;12,48;28294;282940;101147
8;15;0003;2024-02-28 00:00;2025-01-07 00:59:18;2025-01-07 00:59:31;6,88;4,59;11,47;41152;411520;101147
8;15;0000;2024-02-28 00:00;2025-01-07 00:58:58;2025-01-07 00:59:31;17,66;11,77;29,43;79967;799670;303441
8;16;0001;2024-03-03 00:00;2025-01-07 00:59:31;2025-01-07 00:59:38;3,41;2,27;5,68;10569;105690;101147
8;16;0002;2024-03-03 00:00;2025-01-07 00:59:38;2025-01-07 00:59:48;4,91;3,27;8,19;28199;281990;101147
8;16;0003;2024-03-03 00:00;2025-01-07 00:59:48;2025-01-07 01:00:00;6,69;4,46;11,15;41149;411490;101147
8;16;0000;2024-03-03 00:00;2025-01-07 00:59:31;2025-01-07 01:00:00;15,01;10,01;25,02;79917;799170;303441
8;17;0001;2024-03-07 00:00;2025-01-07 01:00:01;2025-01-07 01:00:08;3,33;2,22;5,56;10473;104730;101146
8;17;0002;2024-03-07 00:00;2025-01-07 01:00:08;2025-01-07 01:00:18;5,67;3,78;9,45;28236;282360;101146
8;17;0003;2024-03-07 00:00;2025-01-07 01:00:19;2025-01-07 01:00:31;6,88;4,58;11,46;41014;410140;101146
8;17;0000;2024-03-07 00:00;2025-01-07 01:00:01;2025-01-07 01:00:31;15,88;10,59;26,47;79723;797230;303438
8;18;0001;2024-03-11 00:00;2025-01-07 01:00:32;2025-01-07 01:00:39;3,44;2,29;5,74;10470;104700;101146
8;18;0002;2024-03-11 00:00;2025-01-07 01:00:39;2025-01-07 01:00:49;5,35;3,57;8,92;28011;280110;101146
8;18;0003;2024-03-11 00:00;2025-01-07 01:00:49;2025-01-07 01:01:03;7,48;4,99;12,47;41141;411410;101146
8;18;0000;2024-03-11 00:00;2025-01-07 01:00:32;2025-01-07 01:01:03;16,27;10,85;27,12;79622;796220;303438
8;19;0001;2024-03-15 00:00;2025-01-07 01:01:03;2025-01-07 01:01:11;3,77;2,51;6,28;10424;104240;101146
8;19;0002;2024-03-15 00:00;2025-01-07 01:01:11;2025-01-07 01:01:23;6,55;4,37;10,92;28280;282800;101146
8;19;0003;2024-03-15 00:00;2025-01-07 01:01:23;2025-01-07 01:01:37;7,64;5,10;12,74;41214;412140;101146
8;19;0000;2024-03-15 00:00;2025-01-07 01:01:03;2025-01-07 01:01:37;17,97;11,98;29,94;79918;799180;303438
8;20;0001;2024-03-19 00:00;2025-01-07 01:01:38;2025-01-07 01:01:45;3,50;2,33;5,83;10580;105800;101146
8;20;0002;2024-03-19 00:00;2025-01-07 01:01:45;2025-01-07 01:01:56;5,70;3,80;9,50;28123;281230;101146
8;20;0003;2024-03-19 00:00;2025-01-07 01:01:56;2025-01-07 01:02:10;7,62;5,08;12,70;41068;410680;101146
8;20;0000;2024-03-19 00:00;2025-01-07 01:01:38;2025-01-07 01:02:10;16,82;11,21;28,03;79771;797710;303438
8;21;0001;2024-03-23 00:00;2025-01-07 01:02:10;2025-01-07 01:02:17;3,54;2,36;5,91;10569;105690;101146
8;21;0002;2024-03-23 00:00;2025-01-07 01:02:18;2025-01-07 01:02:27;5,13;3,42;8,55;28267;282670;101146
8;21;0003;2024-03-23 00:00;2025-01-07 01:02:27;2025-01-07 01:02:41;7,17;4,78;11,94;41093;410930;101146
8;21;0000;2024-03-23 00:00;2025-01-07 01:02:10;2025-01-07 01:02:41;15,84;10,56;26,40;79929;799290;303438
1;1;0001;2024-01-03 00:00;2025-01-06 04:51:02;2025-01-06 04:51:23;11,57;7,72;19,29;41050;410500;6321759
1;1;0002;2024-01-03 00:00;2025-01-06 04:51:23;2025-01-06 04:51:59;21,05;14,03;35,08;341765;3417650;6321759
1;1;0003;2024-01-03 00:00;2025-01-06 04:52:00;2025-01-06 04:53:05;38,69;25,79;64,48;864169;8641690;6321759
1;1;0000;2024-01-03 00:00;2025-01-06 04:51:02;2025-01-06 04:53:05;71,31;47,54;118,85;1246984;12469840;18965277
2;1;0001;2024-01-03 00:00;2025-01-06 04:53:06;2025-01-06 04:53:31;13,81;9,21;23,02;41036;410360;6321759
2;1;0002;2024-01-03 00:00;2025-01-06 04:53:31;2025-01-06 04:54:10;22,49;15,00;37,49;342024;3420240;6321759
2;1;0003;2024-01-03 00:00;2025-01-06 04:54:10;2025-01-06 04:55:17;39,71;26,47;66,18;863982;8639820;6321759
2;1;0000;2024-01-03 00:00;2025-01-06 04:53:06;2025-01-06 04:55:17;76,01;50,68;126,69;1247042;12470420;18965277
3;1;0001;2024-01-03 00:00;2025-01-06 04:55:18;2025-01-06 04:55:43;13,91;9,27;23,19;41133;411330;6321759
3;1;0002;2024-01-03 00:00;2025-01-06 04:55:43;2025-01-06 04:56:23;23,25;15,50;38,75;341679;3416790;6321759
3;1;0003;2024-01-03 00:00;2025-01-06 04:56:23;2025-01-06 04:57:30;39,77;26,51;66,28;864233;8642330;6321759
3;1;0000;2024-01-03 00:00;2025-01-06 04:55:18;2025-01-06 04:57:30;76,93;51,28;128,21;1247045;12470450;18965277
4;1;0001;2024-01-03 00:00;2025-01-06 04:57:31;2025-01-06 04:57:58;15,15;10,10;25,25;41098;410980;6321759
4;1;0002;2024-01-03 00:00;2025-01-06 04:57:58;2025-01-06 04:58:40;24,61;16,41;41,02;341667;3416670;6321759
4;1;0003;2024-01-03 00:00;2025-01-06 04:58:40;2025-01-06 04:59:52;42,22;28,15;70,36;863621;8636210;6321759
4;1;0000;2024-01-03 00:00;2025-01-06 04:57:31;2025-01-06 04:59:52;81,98;54,65;136,63;1246386;12463860;18965277
5;1;0001;2024-01-03 00:00;2025-01-06 04:59:53;2025-01-06 05:00:18;14,30;9,53;23,83;41132;411320;6321759
5;1;0002;2024-01-03 00:00;2025-01-06 05:00:18;2025-01-06 05:00:58;23,29;15,53;38,82;342091;3420910;6321759
5;1;0003;2024-01-03 00:00;2025-01-06 05:00:58;2025-01-06 05:02:04;38,61;25,74;64,34;864438;8644380;6321759
5;1;0000;2024-01-03 00:00;2025-01-06 04:59:53;2025-01-06 05:02:04;76,20;50,80;126,99;1247661;12476610;18965277
6;1;0001;2024-01-03 00:00;2025-01-06 05:02:05;2025-01-06 05:02:27;12,79;8,53;21,31;41125;411250;6321759
6;1;0002;2024-01-03 00:00;2025-01-06 05:02:27;2025-01-06 05:03:03;20,57;13,71;34,28;341736;3417360;6321759
6;1;0003;2024-01-03 00:00;2025-01-06 05:03:03;2025-01-06 05:04:05;37,04;24,69;61,73;864558;8645580;6321759
6;1;0000;2024-01-03 00:00;2025-01-06 05:02:05;2025-01-06 05:04:05;70,39;46,93;117,32;1247419;12474190;18965277
7;1;0001;2024-01-03 00:00;2025-01-06 05:04:07;2025-01-06 05:04:29;12,78;8,52;21,30;41131;411310;6321759
7;1;0002;2024-01-03 00:00;2025-01-06 05:04:29;2025-01-06 05:05:05;20,84;13,90;34,74;341833;3418330;6321759
7;1;0003;2024-01-03 00:00;2025-01-06 05:05:05;2025-01-06 05:06:06;36,20;24,13;60,33;864163;8641630;6321759
7;1;0000;2024-01-03 00:00;2025-01-06 05:04:07;2025-01-06 05:06:06;69,82;46,55;116,36;1247127;12471270;18965277
8;1;0001;2024-01-03 00:00;2025-01-06 05:06:07;2025-01-06 05:06:30;13,18;8,78;21,96;41070;410700;6321759
8;1;0002;2024-01-03 00:00;2025-01-06 05:06:31;2025-01-06 05:07:08;21,85;14,56;36,41;341766;3417660;6321759
8;1;0003;2024-01-03 00:00;2025-01-06 05:07:08;2025-01-06 05:08:14;39,10;26,07;65,17;864032;8640320;6321759
8;1;0000;2024-01-03 00:00;2025-01-06 05:06:07;2025-01-06 05:08:14;74,13;49,42;123,54;1246868;12468680;18965277
