COD_BASE,COD_VER_EXEC,COD_CUBE,DATA_EXEC,CUBE_START_TIME,CUBE_END_TIME,SELECT_TIME,WRITE_TIME,TOTAL_TIME,TUPLAS_GRAVADAS,VALORES_GRAVADOS,REGISTROS_SELECIONADOS
1,1,0001,2024-01-03 00:00,2025-02-05 02:12:39,2025-02-05 02:12:52,6.82,4.55,11.37,41050,410500,6321759
1,1,0002,2024-01-03 00:00,2025-02-05 02:12:52,2025-02-05 02:13:16,13.81,9.21,23.02,341765,3417650,6321759
1,1,0003,2024-01-03 00:00,2025-02-05 02:13:16,2025-02-05 02:14:02,26.63,17.76,44.39,864169,8641690,6321759
1,1,0000,2024-01-03 00:00,2025-02-05 02:12:39,2025-02-05 02:14:02,47.26,31.51,78.77,1246984,12469840,18965277
1,2,0001,2024-01-07 00:00,2025-02-05 02:14:03,2025-02-05 02:14:16,7.47,4.98,12.45,41048,410480,6334403
1,2,0002,2024-01-07 00:00,2025-02-05 02:14:16,2025-02-05 02:14:41,14.45,9.63,24.08,341637,3416370,6334403
1,2,0003,2024-01-07 00:00,2025-02-05 02:14:41,2025-02-05 02:15:30,29.01,19.34,48.34,863762,8637620,6334403
1,2,0000,2024-01-07 00:00,2025-02-05 02:14:03,2025-02-05 02:15:30,50.92,33.95,84.87,1246447,12464470,19003209
1,3,0001,2024-01-11 00:00,2025-02-05 02:15:31,2025-02-05 02:15:44,7.27,4.85,12.12,41042,410420,6347047
1,3,0002,2024-01-11 00:00,2025-02-05 02:15:44,2025-02-05 02:16:10,14.69,9.79,24.49,341506,3415060,6347047
1,3,0003,2024-01-11 00:00,2025-02-05 02:16:10,2025-02-05 02:17:08,34.37,22.91,57.28,863358,8633580,6347047
1,3,0000,2024-01-11 00:00,2025-02-05 02:15:31,2025-02-05 02:17:08,56.33,37.56,93.89,1245906,12459060,19041141
1,4,0001,2024-01-15 00:00,2025-02-05 02:17:09,2025-02-05 02:17:22,7.21,4.81,12.02,41036,410360,6359691
1,4,0002,2024-01-15 00:00,2025-02-05 02:17:22,2025-02-05 02:17:48,14.85,9.90,24.74,341414,3414140,6359691
1,4,0003,2024-01-15 00:00,2025-02-05 02:17:48,2025-02-05 02:18:58,41.16,27.44,68.60,862977,8629770,6359691
1,4,0000,2024-01-15 00:00,2025-02-05 02:17:09,2025-02-05 02:18:58,63.22,42.15,105.36,1245427,12454270,19079073
1,5,0001,2024-01-19 00:00,2025-02-05 02:18:58,2025-02-05 02:19:12,7.28,4.85,12.13,41029,410290,6372335
1,5,0002,2024-01-19 00:00,2025-02-05 02:19:12,2025-02-05 02:19:38,15.14,10.09,25.23,341302,3413020,6372335
1,5,0003,2024-01-19 00:00,2025-02-05 02:19:38,2025-02-05 02:20:48,41.37,27.58,68.94,862580,8625800,6372335
1,5,0000,2024-01-19 00:00,2025-02-05 02:18:58,2025-02-05 02:20:48,63.78,42.52,106.30,1244911,12449110,19117005
1,6,0001,2024-01-23 00:00,2025-02-05 02:20:50,2025-02-05 02:21:09,10.70,7.13,17.83,41018,410180,6384979
1,6,0002,2024-01-23 00:00,2025-02-05 02:21:09,2025-02-05 02:21:47,21.56,14.37,35.93,341181,3411810,6384979
1,6,0003,2024-01-23 00:00,2025-02-05 02:21:47,2025-02-05 02:23:07,47.47,31.65,79.11,862195,8621950,6384979
1,6,0000,2024-01-23 00:00,2025-02-05 02:20:50,2025-02-05 02:23:07,79.72,53.15,132.87,1244394,12443940,19154937
1,7,0001,2024-01-27 00:00,2025-02-05 02:23:10,2025-02-05 02:23:23,7.30,4.86,12.16,41018,410180,6397622
1,7,0002,2024-01-27 00:00,2025-02-05 02:23:23,2025-02-05 02:23:54,17.98,11.98,29.96,341028,3410280,6397622
1,7,0003,2024-01-27 00:00,2025-02-05 02:23:54,2025-02-05 02:25:07,43.27,28.85,72.12,861764,8617640,6397622
1,7,0000,2024-01-27 00:00,2025-02-05 02:23:10,2025-02-05 02:25:07,68.54,45.69,114.23,1243810,12438100,19192866
1,8,0001,2024-01-31 00:00,2025-02-05 02:25:08,2025-02-05 02:25:21,7.22,4.81,12.03,41007,410070,6410265
1,8,0002,2024-01-31 00:00,2025-02-05 02:25:21,2025-02-05 02:25:52,17.77,11.85,29.62,340903,3409030,6410265
1,8,0003,2024-01-31 00:00,2025-02-05 02:25:52,2025-02-05 02:27:09,45.59,30.39,75.98,861374,8613740,6410265
1,8,0000,2024-01-31 00:00,2025-02-05 02:25:08,2025-02-05 02:27:09,70.58,47.06,117.64,1243284,12432840,19230795
1,9,0001,2024-02-04 00:00,2025-02-05 02:27:10,2025-02-05 02:27:23,7.18,4.79,11.97,41000,410000,6422908
1,9,0002,2024-02-04 00:00,2025-02-05 02:27:23,2025-02-05 02:27:55,18.58,12.39,30.97,340779,3407790,6422908
1,9,0003,2024-02-04 00:00,2025-02-05 02:27:55,2025-02-05 02:29:20,50.21,33.47,83.68,860991,8609910,6422908
1,9,0000,2024-02-04 00:00,2025-02-05 02:27:10,2025-02-05 02:29:20,75.97,50.65,126.61,1242770,12427700,19268724
1,10,0001,2024-02-08 00:00,2025-02-05 02:29:20,2025-02-05 02:29:33,6.93,4.62,11.55,40991,409910,6435551
1,10,0002,2024-02-08 00:00,2025-02-05 02:29:33,2025-02-05 02:30:05,18.48,12.32,30.80,340654,3406540,6435551
1,10,0003,2024-02-08 00:00,2025-02-05 02:30:05,2025-02-05 02:31:26,48.19,32.13,80.32,860569,8605690,6435551
1,10,0000,2024-02-08 00:00,2025-02-05 02:29:20,2025-02-05 02:31:26,73.60,49.07,122.67,1242214,12422140,19306653
1,11,0001,2024-02-12 00:00,2025-02-05 02:31:27,2025-02-05 02:31:40,7.03,4.69,11.72,40985,409850,6448194
1,11,0002,2024-02-12 00:00,2025-02-05 02:31:40,2025-02-05 02:32:13,19.33,12.89,32.22,340504,3405040,6448194
1,11,0003,2024-02-12 00:00,2025-02-05 02:32:13,2025-02-05 02:33:40,51.47,34.32,85.79,860187,8601870,6448194
1,11,0000,2024-02-12 00:00,2025-02-05 02:31:27,2025-02-05 02:33:40,77.84,51.89,129.73,1241676,12416760,19344582
1,12,0001,2024-02-16 00:00,2025-02-05 02:33:41,2025-02-05 02:33:54,7.01,4.67,11.69,40978,409780,6460837
1,12,0002,2024-02-16 00:00,2025-02-05 02:33:54,2025-02-05 02:34:28,20.04,13.36,33.40,340384,3403840,6460837
1,12,0003,2024-02-16 00:00,2025-02-05 02:34:29,2025-02-05 02:35:57,52.86,35.24,88.10,859759,8597590,6460837
1,12,0000,2024-02-16 00:00,2025-02-05 02:33:41,2025-02-05 02:35:57,79.91,53.27,133.19,1241121,12411210,19382511
1,13,0001,2024-02-20 00:00,2025-02-05 02:35:59,2025-02-05 02:36:12,7.13,4.75,11.89,40967,409670,6473480
1,13,0002,2024-02-20 00:00,2025-02-05 02:36:12,2025-02-05 02:36:45,19.47,12.98,32.45,340247,3402470,6473480
1,13,0003,2024-02-20 00:00,2025-02-05 02:36:46,2025-02-05 02:38:20,56.27,37.51,93.78,859373,8593730,6473480
1,13,0000,2024-02-20 00:00,2025-02-05 02:35:59,2025-02-05 02:38:20,82.87,55.24,138.11,1240587,12405870,19420440
1,14,0001,2024-02-24 00:00,2025-02-05 02:38:22,2025-02-05 02:38:34,7.09,4.73,11.81,40963,409630,6486123
1,14,0002,2024-02-24 00:00,2025-02-05 02:38:34,2025-02-05 02:39:09,20.20,13.46,33.66,340115,3401150,6486123
1,14,0003,2024-02-24 00:00,2025-02-05 02:39:09,2025-02-05 02:40:48,58.68,39.12,97.79,858980,8589800,6486123
1,14,0000,2024-02-24 00:00,2025-02-05 02:38:22,2025-02-05 02:40:48,85.96,57.31,143.27,1240058,12400580,19458369
1,15,0001,2024-02-28 00:00,2025-02-05 02:40:49,2025-02-05 02:41:02,7.12,4.75,11.87,40959,409590,6498766
1,15,0002,2024-02-28 00:00,2025-02-05 02:41:02,2025-02-05 02:41:39,21.38,14.25,35.63,339988,3399880,6498766
1,15,0003,2024-02-28 00:00,2025-02-05 02:41:39,2025-02-05 02:43:23,61.85,41.23,103.08,858558,8585580,6498766
1,15,0000,2024-02-28 00:00,2025-02-05 02:40:49,2025-02-05 02:43:23,90.35,60.23,150.58,1239505,12395050,19496298
1,16,0001,2024-03-03 00:00,2025-02-05 02:43:24,2025-02-05 02:43:38,7.60,5.07,12.67,40952,409520,6511409
1,16,0002,2024-03-03 00:00,2025-02-05 02:43:38,2025-02-05 02:44:13,20.90,13.93,34.83,339863,3398630,6511409
1,16,0003,2024-03-03 00:00,2025-02-05 02:44:14,2025-02-05 02:46:01,63.86,42.57,106.43,858176,8581760,6511409
1,16,0000,2024-03-03 00:00,2025-02-05 02:43:24,2025-02-05 02:46:01,92.36,61.57,153.93,1238991,12389910,19534227
1,17,0001,2024-03-07 00:00,2025-02-05 02:46:03,2025-02-05 02:46:16,7.20,4.80,11.99,40942,409420,6524053
1,17,0002,2024-03-07 00:00,2025-02-05 02:46:16,2025-02-05 02:46:54,22.19,14.79,36.98,339733,3397330,6524053
1,17,0003,2024-03-07 00:00,2025-02-05 02:46:54,2025-02-05 02:48:42,64.22,42.81,107.03,857759,8577590,6524053
1,17,0000,2024-03-07 00:00,2025-02-05 02:46:03,2025-02-05 02:48:42,93.60,62.40,156.00,1238434,12384340,19572159
1,18,0001,2024-03-11 00:00,2025-02-05 02:48:43,2025-02-05 02:48:56,7.12,4.75,11.87,40938,409380,6536697
1,18,0002,2024-03-11 00:00,2025-02-05 02:48:56,2025-02-05 02:49:32,20.78,13.85,34.63,339603,3396030,6536697
1,18,0003,2024-03-11 00:00,2025-02-05 02:49:32,2025-02-05 02:51:20,64.50,43.00,107.51,857355,8573550,6536697
1,18,0000,2024-03-11 00:00,2025-02-05 02:48:43,2025-02-05 02:51:20,92.40,61.60,154.00,1237896,12378960,19610091
1,19,0001,2024-03-15 00:00,2025-02-05 02:51:22,2025-02-05 02:51:35,7.33,4.89,12.21,40925,409250,6549341
1,19,0002,2024-03-15 00:00,2025-02-05 02:51:35,2025-02-05 02:52:13,21.83,14.55,36.39,339491,3394910,6549341
1,19,0003,2024-03-15 00:00,2025-02-05 02:52:13,2025-02-05 02:54:05,66.97,44.65,111.62,856937,8569370,6549341
1,19,0000,2024-03-15 00:00,2025-02-05 02:51:22,2025-02-05 02:54:05,96.13,64.09,160.22,1237353,12373530,19648023
1,20,0001,2024-03-19 00:00,2025-02-05 02:54:07,2025-02-05 02:54:20,7.18,4.78,11.96,40921,409210,6561985
1,20,0002,2024-03-19 00:00,2025-02-05 02:54:20,2025-02-05 02:54:58,22.52,15.02,37.54,339374,3393740,6561985
1,20,0003,2024-03-19 00:00,2025-02-05 02:54:58,2025-02-05 02:56:52,67.57,45.04,112.61,856530,8565300,6561985
1,20,0000,2024-03-19 00:00,2025-02-05 02:54:07,2025-02-05 02:56:52,97.27,64.84,162.11,1236825,12368250,19685955
1,21,0001,2024-03-23 00:00,2025-02-05 02:56:54,2025-02-05 02:57:07,7.37,4.91,12.28,40915,409150,6574629
1,21,0002,2024-03-23 00:00,2025-02-05 02:57:07,2025-02-05 02:57:47,23.73,15.82,39.55,339250,3392500,6574629
1,21,0003,2024-03-23 00:00,2025-02-05 02:57:48,2025-02-05 02:59:43,68.89,45.93,114.82,856131,8561310,6574629
1,21,0000,2024-03-23 00:00,2025-02-05 02:56:54,2025-02-05 02:59:43,99.99,66.66,166.65,1236296,12362960,19723887
2,1,0001,2024-01-03 00:00,2025-02-05 02:59:45,2025-02-05 02:59:59,7.58,5.05,12.63,41036,410360,6321759
2,1,0002,2024-01-03 00:00,2025-02-05 02:59:59,2025-02-05 03:00:23,13.46,8.97,22.43,342024,3420240,6321759
2,1,0003,2024-01-03 00:00,2025-02-05 03:00:23,2025-02-05 03:01:06,25.67,17.11,42.78,863982,8639820,6321759
2,1,0000,2024-01-03 00:00,2025-02-05 02:59:45,2025-02-05 03:01:06,46.71,31.14,77.85,1247042,12470420,18965277
2,2,0001,2024-01-07 00:00,2025-02-05 03:01:07,2025-02-05 03:01:21,7.67,5.11,12.78,41028,410280,6334403
2,2,0002,2024-01-07 00:00,2025-02-05 03:01:21,2025-02-05 03:01:45,13.93,9.28,23.21,341915,3419150,6334403
2,2,0003,2024-01-07 00:00,2025-02-05 03:01:45,2025-02-05 03:02:33,28.26,18.84,47.10,863606,8636060,6334403
2,2,0000,2024-01-07 00:00,2025-02-05 03:01:07,2025-02-05 03:02:33,49.86,33.24,83.10,1246549,12465490,19003209
2,3,0001,2024-01-11 00:00,2025-02-05 03:02:34,2025-02-05 03:02:48,7.80,5.20,12.99,41026,410260,6347047
2,3,0002,2024-01-11 00:00,2025-02-05 03:02:48,2025-02-05 03:03:12,14.13,9.42,23.55,341766,3417660,6347047
2,3,0003,2024-01-11 00:00,2025-02-05 03:03:12,2025-02-05 03:04:07,32.42,21.61,54.03,863184,8631840,6347047
2,3,0000,2024-01-11 00:00,2025-02-05 03:02:34,2025-02-05 03:04:07,54.35,36.23,90.58,1245976,12459760,19041141
2,4,0001,2024-01-15 00:00,2025-02-05 03:04:08,2025-02-05 03:04:22,7.83,5.22,13.05,41023,410230,6359691
2,4,0002,2024-01-15 00:00,2025-02-05 03:04:22,2025-02-05 03:04:47,14.27,9.52,23.79,341648,3416480,6359691
2,4,0003,2024-01-15 00:00,2025-02-05 03:04:47,2025-02-05 03:05:50,37.05,24.70,61.75,862782,8627820,6359691
2,4,0000,2024-01-15 00:00,2025-02-05 03:04:08,2025-02-05 03:05:50,59.15,39.44,98.59,1245453,12454530,19079073
2,5,0001,2024-01-19 00:00,2025-02-05 03:05:52,2025-02-05 03:06:06,7.88,5.25,13.13,41013,410130,6372335
2,5,0002,2024-01-19 00:00,2025-02-05 03:06:06,2025-02-05 03:06:31,14.52,9.68,24.20,341514,3415140,6372335
2,5,0003,2024-01-19 00:00,2025-02-05 03:06:31,2025-02-05 03:07:39,40.33,26.89,67.21,862386,8623860,6372335
2,5,0000,2024-01-19 00:00,2025-02-05 03:05:52,2025-02-05 03:07:39,62.73,41.82,104.54,1244913,12449130,19117005
2,6,0001,2024-01-23 00:00,2025-02-05 03:07:40,2025-02-05 03:07:55,8.51,5.67,14.19,41008,410080,6384979
2,6,0002,2024-01-23 00:00,2025-02-05 03:07:55,2025-02-05 03:08:24,16.83,11.22,28.04,341383,3413830,6384979
2,6,0003,2024-01-23 00:00,2025-02-05 03:08:25,2025-02-05 03:09:40,44.45,29.63,74.09,861985,8619850,6384979
2,6,0000,2024-01-23 00:00,2025-02-05 03:07:40,2025-02-05 03:09:40,69.79,46.53,116.32,1244376,12443760,19154937
2,7,0001,2024-01-27 00:00,2025-02-05 03:09:41,2025-02-05 03:09:56,8.22,5.48,13.71,41000,410000,6397622
2,7,0002,2024-01-27 00:00,2025-02-05 03:09:56,2025-02-05 03:10:26,17.56,11.71,29.27,341260,3412600,6397622
2,7,0003,2024-01-27 00:00,2025-02-05 03:10:26,2025-02-05 03:11:44,45.90,30.60,76.50,861574,8615740,6397622
2,7,0000,2024-01-27 00:00,2025-02-05 03:09:41,2025-02-05 03:11:44,71.69,47.79,119.48,1243834,12438340,19192866
2,8,0001,2024-01-31 00:00,2025-02-05 03:11:45,2025-02-05 03:12:00,8.54,5.69,14.23,40991,409910,6410265
2,8,0002,2024-01-31 00:00,2025-02-05 03:12:00,2025-02-05 03:12:36,21.08,14.06,35.14,341141,3411410,6410265
2,8,0003,2024-01-31 00:00,2025-02-05 03:12:37,2025-02-05 03:13:58,48.11,32.07,80.18,861176,8611760,6410265
2,8,0000,2024-01-31 00:00,2025-02-05 03:11:45,2025-02-05 03:13:58,77.73,51.82,129.55,1243308,12433080,19230795
2,9,0001,2024-02-04 00:00,2025-02-05 03:13:59,2025-02-05 03:14:14,8.42,5.61,14.03,40987,409870,6422908
2,9,0002,2024-02-04 00:00,2025-02-05 03:14:15,2025-02-05 03:14:48,19.39,12.93,32.32,341023,3410230,6422908
2,9,0003,2024-02-04 00:00,2025-02-05 03:14:48,2025-02-05 03:16:18,53.55,35.70,89.24,860788,8607880,6422908
2,9,0000,2024-02-04 00:00,2025-02-05 03:13:59,2025-02-05 03:16:18,81.36,54.24,135.60,1242798,12427980,19268724
2,10,0001,2024-02-08 00:00,2025-02-05 03:16:20,2025-02-05 03:16:36,8.52,5.68,14.20,40978,409780,6435551
2,10,0002,2024-02-08 00:00,2025-02-05 03:16:36,2025-02-05 03:17:10,20.16,13.44,33.60,340919,3409190,6435551
2,10,0003,2024-02-08 00:00,2025-02-05 03:17:11,2025-02-05 03:18:36,50.76,33.84,84.61,860390,8603900,6435551
2,10,0000,2024-02-08 00:00,2025-02-05 03:16:20,2025-02-05 03:18:36,79.45,52.96,132.41,1242287,12422870,19306653
2,11,0001,2024-02-12 00:00,2025-02-05 03:18:37,2025-02-05 03:18:52,8.24,5.49,13.73,40973,409730,6448194
2,11,0002,2024-02-12 00:00,2025-02-05 03:18:52,2025-02-05 03:19:29,21.36,14.24,35.60,340805,3408050,6448194
2,11,0003,2024-02-12 00:00,2025-02-05 03:19:29,2025-02-05 03:21:00,54.13,36.09,90.22,859992,8599920,6448194
2,11,0000,2024-02-12 00:00,2025-02-05 03:18:37,2025-02-05 03:21:00,83.73,55.82,139.55,1241770,12417700,19344582
2,12,0001,2024-02-16 00:00,2025-02-05 03:21:02,2025-02-05 03:21:17,8.50,5.67,14.17,40965,409650,6460837
2,12,0002,2024-02-16 00:00,2025-02-05 03:21:17,2025-02-05 03:21:53,21.01,14.01,35.02,340696,3406960,6460837
2,12,0003,2024-02-16 00:00,2025-02-05 03:21:54,2025-02-05 03:23:26,54.37,36.25,90.62,859608,8596080,6460837
2,12,0000,2024-02-16 00:00,2025-02-05 03:21:02,2025-02-05 03:23:26,83.89,55.92,139.81,1241269,12412690,19382511
2,13,0001,2024-02-20 00:00,2025-02-05 03:23:28,2025-02-05 03:23:42,8.24,5.49,13.73,40960,409600,6473480
2,13,0002,2024-02-20 00:00,2025-02-05 03:23:42,2025-02-05 03:24:19,21.46,14.31,35.77,340588,3405880,6473480
2,13,0003,2024-02-20 00:00,2025-02-05 03:24:19,2025-02-05 03:25:57,58.44,38.96,97.40,859153,8591530,6473480
2,13,0000,2024-02-20 00:00,2025-02-05 03:23:28,2025-02-05 03:25:57,88.14,58.76,146.90,1240701,12407010,19420440
2,14,0001,2024-02-24 00:00,2025-02-05 03:25:59,2025-02-05 03:26:13,8.18,5.45,13.64,40952,409520,6486123
2,14,0002,2024-02-24 00:00,2025-02-05 03:26:13,2025-02-05 03:26:50,21.43,14.28,35.71,340457,3404570,6486123
2,14,0003,2024-02-24 00:00,2025-02-05 03:26:50,2025-02-05 03:28:35,62.35,41.57,103.91,858722,8587220,6486123
2,14,0000,2024-02-24 00:00,2025-02-05 03:25:59,2025-02-05 03:28:35,91.96,61.31,153.26,1240131,12401310,19458369
2,15,0001,2024-02-28 00:00,2025-02-05 03:28:37,2025-02-05 03:28:53,8.96,5.97,14.94,40946,409460,6498766
2,15,0002,2024-02-28 00:00,2025-02-05 03:28:53,2025-02-05 03:29:33,23.54,15.69,39.23,340335,3403350,6498766
2,15,0003,2024-02-28 00:00,2025-02-05 03:29:33,2025-02-05 03:31:29,69.19,46.13,115.32,858327,8583270,6498766
2,15,0000,2024-02-28 00:00,2025-02-05 03:28:37,2025-02-05 03:31:29,101.69,67.80,169.49,1239608,12396080,19496298
2,16,0001,2024-03-03 00:00,2025-02-05 03:31:31,2025-02-05 03:31:45,8.39,5.59,13.99,40942,409420,6511409
2,16,0002,2024-03-03 00:00,2025-02-05 03:31:45,2025-02-05 03:32:26,24.05,16.04,40.09,340196,3401960,6511409
2,16,0003,2024-03-03 00:00,2025-02-05 03:32:27,2025-02-05 03:34:20,67.58,45.05,112.64,857915,8579150,6511409
2,16,0000,2024-03-03 00:00,2025-02-05 03:31:31,2025-02-05 03:34:20,100.03,66.69,166.71,1239053,12390530,19534227
2,17,0001,2024-03-07 00:00,2025-02-05 03:34:22,2025-02-05 03:34:37,8.40,5.60,13.99,40935,409350,6524053
2,17,0002,2024-03-07 00:00,2025-02-05 03:34:37,2025-02-05 03:35:16,23.11,15.41,38.52,340076,3400760,6524053
2,17,0003,2024-03-07 00:00,2025-02-05 03:35:17,2025-02-05 03:37:11,68.12,45.41,113.53,857509,8575090,6524053
2,17,0000,2024-03-07 00:00,2025-02-05 03:34:22,2025-02-05 03:37:11,99.63,66.42,166.05,1238520,12385200,19572159
2,18,0001,2024-03-11 00:00,2025-02-05 03:37:13,2025-02-05 03:37:28,8.35,5.57,13.92,40930,409300,6536697
2,18,0002,2024-03-11 00:00,2025-02-05 03:37:28,2025-02-05 03:38:06,22.09,14.73,36.82,339930,3399300,6536697
2,18,0003,2024-03-11 00:00,2025-02-05 03:38:06,2025-02-05 03:39:59,66.96,44.64,111.60,857056,8570560,6536697
2,18,0000,2024-03-11 00:00,2025-02-05 03:37:13,2025-02-05 03:39:59,97.40,64.94,162.34,1237916,12379160,19610091
2,19,0001,2024-03-15 00:00,2025-02-05 03:40:00,2025-02-05 03:40:14,7.54,5.02,12.56,40920,409200,6549341
2,19,0002,2024-03-15 00:00,2025-02-05 03:40:14,2025-02-05 03:40:51,21.83,14.55,36.38,339823,3398230,6549341
2,19,0003,2024-03-15 00:00,2025-02-05 03:40:52,2025-02-05 03:42:50,70.54,47.03,117.57,856647,8566470,6549341
2,19,0000,2024-03-15 00:00,2025-02-05 03:40:00,2025-02-05 03:42:50,99.91,66.60,166.51,1237390,12373900,19648023
2,20,0001,2024-03-19 00:00,2025-02-05 03:42:51,2025-02-05 03:43:05,7.84,5.23,13.07,40912,409120,6561985
2,20,0002,2024-03-19 00:00,2025-02-05 03:43:05,2025-02-05 03:43:56,29.85,19.90,49.75,339694,3396940,6561985
2,20,0003,2024-03-19 00:00,2025-02-05 03:43:56,2025-02-05 03:46:01,74.17,49.45,123.62,856266,8562660,6561985
2,20,0000,2024-03-19 00:00,2025-02-05 03:42:51,2025-02-05 03:46:01,111.86,74.58,186.44,1236872,12368720,19685955
2,21,0001,2024-03-23 00:00,2025-02-05 03:46:03,2025-02-05 03:46:19,8.70,5.80,14.50,40905,409050,6574629
2,21,0002,2024-03-23 00:00,2025-02-05 03:46:19,2025-02-05 03:47:04,26.43,17.62,44.05,339578,3395780,6574629
2,21,0003,2024-03-23 00:00,2025-02-05 03:47:04,2025-02-05 03:49:13,76.80,51.20,128.01,855862,8558620,6574629
2,21,0000,2024-03-23 00:00,2025-02-05 03:46:03,2025-02-05 03:49:13,111.93,74.62,186.56,1236345,12363450,19723887
3,1,0001,2024-01-03 00:00,2025-02-05 03:49:14,2025-02-05 03:49:31,8.95,5.97,14.92,41133,411330,6321759
3,1,0002,2024-01-03 00:00,2025-02-05 03:49:31,2025-02-05 03:49:58,15.57,10.38,25.95,341679,3416790,6321759
3,1,0003,2024-01-03 00:00,2025-02-05 03:49:58,2025-02-05 03:50:48,29.36,19.57,48.93,864233,8642330,6321759
3,1,0000,2024-01-03 00:00,2025-02-05 03:49:14,2025-02-05 03:50:48,53.88,35.92,89.80,1247045,12470450,18965277
3,2,0001,2024-01-07 00:00,2025-02-05 03:50:49,2025-02-05 03:51:04,8.59,5.73,14.32,41128,411280,6334403
3,2,0002,2024-01-07 00:00,2025-02-05 03:51:04,2025-02-05 03:51:32,15.85,10.56,26.41,341557,3415570,6334403
3,2,0003,2024-01-07 00:00,2025-02-05 03:51:32,2025-02-05 03:52:26,31.98,21.32,53.30,863826,8638260,6334403
3,2,0000,2024-01-07 00:00,2025-02-05 03:50:49,2025-02-05 03:52:26,56.42,37.61,94.03,1246511,12465110,19003209
3,3,0001,2024-01-11 00:00,2025-02-05 03:52:27,2025-02-05 03:52:43,9.04,6.02,15.06,41121,411210,6347047
3,3,0002,2024-01-11 00:00,2025-02-05 03:52:43,2025-02-05 03:53:11,16.25,10.83,27.09,341438,3414380,6347047
3,3,0003,2024-01-11 00:00,2025-02-05 03:53:12,2025-02-05 03:54:17,38.39,25.60,63.99,863408,8634080,6347047
3,3,0000,2024-01-11 00:00,2025-02-05 03:52:27,2025-02-05 03:54:17,63.68,42.45,106.14,1245967,12459670,19041141
3,4,0001,2024-01-15 00:00,2025-02-05 03:54:18,2025-02-05 03:54:34,8.84,5.89,14.74,41112,411120,6359691
3,4,0002,2024-01-15 00:00,2025-02-05 03:54:34,2025-02-05 03:55:02,16.54,11.03,27.57,341320,3413200,6359691
3,4,0003,2024-01-15 00:00,2025-02-05 03:55:03,2025-02-05 03:56:15,43.01,28.67,71.68,863013,8630130,6359691
3,4,0000,2024-01-15 00:00,2025-02-05 03:54:18,2025-02-05 03:56:15,68.39,45.60,113.99,1245445,12454450,19079073
3,5,0001,2024-01-19 00:00,2025-02-05 03:56:16,2025-02-05 03:56:32,8.91,5.94,14.85,41109,411090,6372335
3,5,0002,2024-01-19 00:00,2025-02-05 03:56:32,2025-02-05 03:57:00,16.00,10.67,26.67,341196,3411960,6372335
3,5,0003,2024-01-19 00:00,2025-02-05 03:57:00,2025-02-05 03:58:22,48.66,32.44,81.09,862582,8625820,6372335
3,5,0000,2024-01-19 00:00,2025-02-05 03:56:16,2025-02-05 03:58:22,73.57,49.04,122.61,1244887,12448870,19117005
3,6,0001,2024-01-23 00:00,2025-02-05 03:58:24,2025-02-05 03:58:41,9.53,6.36,15.89,41101,411010,6384979
3,6,0002,2024-01-23 00:00,2025-02-05 03:58:41,2025-02-05 03:59:12,18.17,12.11,30.28,341058,3410580,6384979
3,6,0003,2024-01-23 00:00,2025-02-05 03:59:12,2025-02-05 04:00:37,50.13,33.42,83.54,862145,8621450,6384979
3,6,0000,2024-01-23 00:00,2025-02-05 03:58:24,2025-02-05 04:00:37,77.83,51.89,129.71,1244304,12443040,19154937
3,7,0001,2024-01-27 00:00,2025-02-05 04:00:38,2025-02-05 04:00:55,9.20,6.13,15.33,41093,410930,6397622
3,7,0002,2024-01-27 00:00,2025-02-05 04:00:55,2025-02-05 04:01:29,20.14,13.43,33.56,340911,3409110,6397622
3,7,0003,2024-01-27 00:00,2025-02-05 04:01:30,2025-02-05 04:03:00,53.44,35.63,89.07,861718,8617180,6397622
3,7,0000,2024-01-27 00:00,2025-02-05 04:00:38,2025-02-05 04:03:00,82.78,55.18,137.96,1243722,12437220,19192866
3,8,0001,2024-01-31 00:00,2025-02-05 04:03:01,2025-02-05 04:03:18,9.67,6.45,16.12,41087,410870,6410265
3,8,0002,2024-01-31 00:00,2025-02-05 04:03:18,2025-02-05 04:03:54,20.67,13.78,34.45,340791,3407910,6410265
3,8,0003,2024-01-31 00:00,2025-02-05 04:03:54,2025-02-05 04:05:24,53.31,35.54,88.86,861329,8613290,6410265
3,8,0000,2024-01-31 00:00,2025-02-05 04:03:01,2025-02-05 04:05:24,83.66,55.77,139.43,1243207,12432070,19230795
3,9,0001,2024-02-04 00:00,2025-02-05 04:05:26,2025-02-05 04:05:42,9.04,6.03,15.06,41082,410820,6422908
3,9,0002,2024-02-04 00:00,2025-02-05 04:05:42,2025-02-05 04:06:19,21.53,14.35,35.88,340675,3406750,6422908
3,9,0003,2024-02-04 00:00,2025-02-05 04:06:19,2025-02-05 04:07:54,55.77,37.18,92.95,860916,8609160,6422908
3,9,0000,2024-02-04 00:00,2025-02-05 04:05:26,2025-02-05 04:07:54,86.34,57.56,143.90,1242673,12426730,19268724
3,10,0001,2024-02-08 00:00,2025-02-05 04:07:55,2025-02-05 04:08:11,9.29,6.19,15.48,41075,410750,6435551
3,10,0002,2024-02-08 00:00,2025-02-05 04:08:11,2025-02-05 04:08:50,22.46,14.97,37.43,340559,3405590,6435551
3,10,0003,2024-02-08 00:00,2025-02-05 04:08:50,2025-02-05 04:10:25,56.36,37.57,93.93,860538,8605380,6435551
3,10,0000,2024-02-08 00:00,2025-02-05 04:07:55,2025-02-05 04:10:25,88.11,58.74,146.84,1242172,12421720,19306653
3,11,0001,2024-02-12 00:00,2025-02-05 04:10:26,2025-02-05 04:10:43,9.21,6.14,15.34,41070,410700,6448194
3,11,0002,2024-02-12 00:00,2025-02-05 04:10:43,2025-02-05 04:11:22,23.10,15.40,38.50,340419,3404190,6448194
3,11,0003,2024-02-12 00:00,2025-02-05 04:11:22,2025-02-05 04:13:03,59.69,39.79,99.48,860094,8600940,6448194
3,11,0000,2024-02-12 00:00,2025-02-05 04:10:26,2025-02-05 04:13:03,91.99,61.33,153.32,1241583,12415830,19344582
3,12,0001,2024-02-16 00:00,2025-02-05 04:13:05,2025-02-05 04:13:22,9.65,6.43,16.08,41064,410640,6460837
3,12,0002,2024-02-16 00:00,2025-02-05 04:13:22,2025-02-05 04:14:01,22.49,14.99,37.49,340297,3402970,6460837
3,12,0003,2024-02-16 00:00,2025-02-05 04:14:01,2025-02-05 04:15:39,57.88,38.59,96.47,859701,8597010,6460837
3,12,0000,2024-02-16 00:00,2025-02-05 04:13:05,2025-02-05 04:15:39,90.02,60.01,150.03,1241062,12410620,19382511
3,13,0001,2024-02-20 00:00,2025-02-05 04:15:41,2025-02-05 04:15:57,9.49,6.33,15.82,41055,410550,6473480
3,13,0002,2024-02-20 00:00,2025-02-05 04:15:57,2025-02-05 04:16:36,22.40,14.93,37.33,340186,3401860,6473480
3,13,0003,2024-02-20 00:00,2025-02-05 04:16:36,2025-02-05 04:18:24,64.19,42.79,106.98,859318,8593180,6473480
3,13,0000,2024-02-20 00:00,2025-02-05 04:15:41,2025-02-05 04:18:24,96.08,64.05,160.13,1240559,12405590,19420440
3,14,0001,2024-02-24 00:00,2025-02-05 04:18:25,2025-02-05 04:18:43,9.93,6.62,16.56,41046,410460,6486123
3,14,0002,2024-02-24 00:00,2025-02-05 04:18:43,2025-02-05 04:19:22,22.98,15.32,38.30,340049,3400490,6486123
3,14,0003,2024-02-24 00:00,2025-02-05 04:19:23,2025-02-05 04:21:07,62.23,41.49,103.72,858903,8589030,6486123
3,14,0000,2024-02-24 00:00,2025-02-05 04:18:25,2025-02-05 04:21:07,95.15,63.43,158.59,1239998,12399980,19458369
3,15,0001,2024-02-28 00:00,2025-02-05 04:21:09,2025-02-05 04:21:25,8.95,5.97,14.92,41037,410370,6498766
3,15,0002,2024-02-28 00:00,2025-02-05 04:21:25,2025-02-05 04:22:06,23.87,15.92,39.79,339926,3399260,6498766
3,15,0003,2024-02-28 00:00,2025-02-05 04:22:06,2025-02-05 04:23:56,65.33,43.55,108.88,858467,8584670,6498766
3,15,0000,2024-02-28 00:00,2025-02-05 04:21:09,2025-02-05 04:23:56,98.15,65.43,163.58,1239430,12394300,19496298
3,16,0001,2024-03-03 00:00,2025-02-05 04:23:58,2025-02-05 04:24:14,9.15,6.10,15.25,41031,410310,6511409
3,16,0002,2024-03-03 00:00,2025-02-05 04:24:14,2025-02-05 04:24:53,23.02,15.35,38.36,339789,3397890,6511409
3,16,0003,2024-03-03 00:00,2025-02-05 04:24:53,2025-02-05 04:26:44,65.88,43.92,109.80,858058,8580580,6511409
3,16,0000,2024-03-03 00:00,2025-02-05 04:23:58,2025-02-05 04:26:44,98.05,65.37,163.41,1238878,12388780,19534227
3,17,0001,2024-03-07 00:00,2025-02-05 04:26:46,2025-02-05 04:27:03,9.60,6.40,16.00,41022,410220,6524053
3,17,0002,2024-03-07 00:00,2025-02-05 04:27:03,2025-02-05 04:27:44,24.02,16.02,40.04,339680,3396800,6524053
3,17,0003,2024-03-07 00:00,2025-02-05 04:27:44,2025-02-05 04:29:40,68.52,45.68,114.19,857641,8576410,6524053
3,17,0000,2024-03-07 00:00,2025-02-05 04:26:46,2025-02-05 04:29:40,102.14,68.09,170.24,1238343,12383430,19572159
3,18,0001,2024-03-11 00:00,2025-02-05 04:29:42,2025-02-05 04:29:58,9.13,6.09,15.22,41017,410170,6536697
3,18,0002,2024-03-11 00:00,2025-02-05 04:29:58,2025-02-05 04:30:37,22.77,15.18,37.94,339540,3395400,6536697
3,18,0003,2024-03-11 00:00,2025-02-05 04:30:37,2025-02-05 04:32:31,67.92,45.28,113.19,857230,8572300,6536697
3,18,0000,2024-03-11 00:00,2025-02-05 04:29:42,2025-02-05 04:32:31,99.81,66.54,166.35,1237787,12377870,19610091
3,19,0001,2024-03-15 00:00,2025-02-05 04:32:33,2025-02-05 04:32:48,8.72,5.81,14.53,41015,410150,6549341
3,19,0002,2024-03-15 00:00,2025-02-05 04:32:48,2025-02-05 04:33:29,23.92,15.94,39.86,339427,3394270,6549341
3,19,0003,2024-03-15 00:00,2025-02-05 04:33:29,2025-02-05 04:35:27,69.77,46.52,116.29,856838,8568380,6549341
3,19,0000,2024-03-15 00:00,2025-02-05 04:32:33,2025-02-05 04:35:27,102.40,68.27,170.67,1237280,12372800,19648023
3,20,0001,2024-03-19 00:00,2025-02-05 04:35:28,2025-02-05 04:35:43,8.56,5.71,14.27,41007,410070,6561985
3,20,0002,2024-03-19 00:00,2025-02-05 04:35:43,2025-02-05 04:36:23,23.22,15.48,38.70,339308,3393080,6561985
3,20,0003,2024-03-19 00:00,2025-02-05 04:36:23,2025-02-05 04:38:19,69.03,46.02,115.05,856450,8564500,6561985
3,20,0000,2024-03-19 00:00,2025-02-05 04:35:28,2025-02-05 04:38:19,100.81,67.21,168.01,1236765,12367650,19685955
3,21,0001,2024-03-23 00:00,2025-02-05 04:38:21,2025-02-05 04:38:36,8.74,5.83,14.57,41000,410000,6574629
3,21,0002,2024-03-23 00:00,2025-02-05 04:38:36,2025-02-05 04:39:18,24.20,16.14,40.34,339181,3391810,6574629
3,21,0003,2024-03-23 00:00,2025-02-05 04:39:18,2025-02-05 04:41:17,70.72,47.15,117.87,856034,8560340,6574629
3,21,0000,2024-03-23 00:00,2025-02-05 04:38:21,2025-02-05 04:41:17,103.67,69.11,172.78,1236215,12362150,19723887
4,1,0001,2024-01-03 00:00,2025-02-05 04:41:18,2025-02-05 04:41:33,7.95,5.30,13.26,41098,410980,6321759
4,1,0002,2024-01-03 00:00,2025-02-05 04:41:33,2025-02-05 04:41:57,14.15,9.43,23.58,341667,3416670,6321759
4,1,0003,2024-01-03 00:00,2025-02-05 04:41:58,2025-02-05 04:42:47,29.31,19.54,48.86,863621,8636210,6321759
4,1,0000,2024-01-03 00:00,2025-02-05 04:41:18,2025-02-05 04:42:47,51.42,34.28,85.70,1246386,12463860,18965277
4,2,0001,2024-01-07 00:00,2025-02-05 04:42:48,2025-02-05 04:43:03,8.15,5.43,13.58,41090,410900,6334403
4,2,0002,2024-01-07 00:00,2025-02-05 04:43:03,2025-02-05 04:43:30,15.43,10.29,25.72,341546,3415460,6334403
4,2,0003,2024-01-07 00:00,2025-02-05 04:43:30,2025-02-05 04:44:20,29.57,19.71,49.28,863232,8632320,6334403
4,2,0000,2024-01-07 00:00,2025-02-05 04:42:48,2025-02-05 04:44:20,53.15,35.43,88.58,1245868,12458680,19003209
4,3,0001,2024-01-11 00:00,2025-02-05 04:44:21,2025-02-05 04:44:36,8.16,5.44,13.60,41078,410780,6347047
4,3,0002,2024-01-11 00:00,2025-02-05 04:44:36,2025-02-05 04:45:02,15.41,10.27,25.68,341433,3414330,6347047
4,3,0003,2024-01-11 00:00,2025-02-05 04:45:03,2025-02-05 04:46:00,33.65,22.43,56.08,862832,8628320,6347047
4,3,0000,2024-01-11 00:00,2025-02-05 04:44:21,2025-02-05 04:46:00,57.22,38.15,95.36,1245343,12453430,19041141
4,4,0001,2024-01-15 00:00,2025-02-05 04:46:00,2025-02-05 04:46:15,7.97,5.31,13.28,41065,410650,6359691
4,4,0002,2024-01-15 00:00,2025-02-05 04:46:15,2025-02-05 04:46:40,14.81,9.87,24.68,341322,3413220,6359691
4,4,0003,2024-01-15 00:00,2025-02-05 04:46:40,2025-02-05 04:47:45,38.45,25.63,64.08,862448,8624480,6359691
4,4,0000,2024-01-15 00:00,2025-02-05 04:46:00,2025-02-05 04:47:45,61.22,40.81,102.04,1244835,12448350,19079073
4,5,0001,2024-01-19 00:00,2025-02-05 04:47:47,2025-02-05 04:48:01,7.92,5.28,13.21,41060,410600,6372335
4,5,0002,2024-01-19 00:00,2025-02-05 04:48:01,2025-02-05 04:48:29,15.86,10.57,26.43,341182,3411820,6372335
4,5,0003,2024-01-19 00:00,2025-02-05 04:48:29,2025-02-05 04:49:38,40.95,27.30,68.25,862045,8620450,6372335
4,5,0000,2024-01-19 00:00,2025-02-05 04:47:47,2025-02-05 04:49:38,64.73,43.16,107.89,1244287,12442870,19117005
4,6,0001,2024-01-23 00:00,2025-02-05 04:49:39,2025-02-05 04:49:54,8.06,5.37,13.44,41054,410540,6384979
4,6,0002,2024-01-23 00:00,2025-02-05 04:49:54,2025-02-05 04:50:21,16.12,10.75,26.87,341053,3410530,6384979
4,6,0003,2024-01-23 00:00,2025-02-05 04:50:22,2025-02-05 04:51:48,51.64,34.43,86.07,861637,8616370,6384979
4,6,0000,2024-01-23 00:00,2025-02-05 04:49:39,2025-02-05 04:51:48,75.82,50.55,126.37,1243744,12437440,19154937
4,7,0001,2024-01-27 00:00,2025-02-05 04:51:51,2025-02-05 04:52:09,10.05,6.70,16.75,41041,410410,6397622
4,7,0002,2024-01-27 00:00,2025-02-05 04:52:09,2025-02-05 04:52:39,17.42,11.61,29.03,340907,3409070,6397622
4,7,0003,2024-01-27 00:00,2025-02-05 04:52:39,2025-02-05 04:53:56,45.49,30.33,75.82,861229,8612290,6397622
4,7,0000,2024-01-27 00:00,2025-02-05 04:51:51,2025-02-05 04:53:56,72.96,48.64,121.61,1243177,12431770,19192866
4,8,0001,2024-01-31 00:00,2025-02-05 04:53:57,2025-02-05 04:54:11,8.08,5.39,13.46,41035,410350,6410265
4,8,0002,2024-01-31 00:00,2025-02-05 04:54:11,2025-02-05 04:54:42,17.95,11.97,29.92,340771,3407710,6410265
4,8,0003,2024-01-31 00:00,2025-02-05 04:54:42,2025-02-05 04:56:00,46.14,30.76,76.90,860831,8608310,6410265
4,8,0000,2024-01-31 00:00,2025-02-05 04:53:57,2025-02-05 04:56:00,72.17,48.12,120.29,1242637,12426370,19230795
4,9,0001,2024-02-04 00:00,2025-02-05 04:56:02,2025-02-05 04:56:16,8.07,5.38,13.45,41026,410260,6422908
4,9,0002,2024-02-04 00:00,2025-02-05 04:56:16,2025-02-05 04:56:48,18.45,12.30,30.74,340642,3406420,6422908
4,9,0003,2024-02-04 00:00,2025-02-05 04:56:48,2025-02-05 04:58:11,49.19,32.80,81.99,860419,8604190,6422908
4,9,0000,2024-02-04 00:00,2025-02-05 04:56:02,2025-02-05 04:58:11,75.71,50.47,126.18,1242087,12420870,19268724
4,10,0001,2024-02-08 00:00,2025-02-05 04:58:12,2025-02-05 04:58:27,8.26,5.51,13.77,41023,410230,6435551
4,10,0002,2024-02-08 00:00,2025-02-05 04:58:27,2025-02-05 04:59:00,19.55,13.04,32.59,340514,3405140,6435551
4,10,0003,2024-02-08 00:00,2025-02-05 04:59:01,2025-02-05 05:00:26,50.78,33.85,84.63,859994,8599940,6435551
4,10,0000,2024-02-08 00:00,2025-02-05 04:58:12,2025-02-05 05:00:26,78.59,52.40,130.99,1241531,12415310,19306653
4,11,0001,2024-02-12 00:00,2025-02-05 05:00:27,2025-02-05 05:00:42,8.24,5.50,13.74,41018,410180,6448194
4,11,0002,2024-02-12 00:00,2025-02-05 05:00:42,2025-02-05 05:01:16,19.97,13.31,33.29,340394,3403940,6448194
4,11,0003,2024-02-12 00:00,2025-02-05 05:01:16,2025-02-05 05:02:46,53.11,35.41,88.52,859594,8595940,6448194
4,11,0000,2024-02-12 00:00,2025-02-05 05:00:27,2025-02-05 05:02:46,81.32,54.22,135.54,1241006,12410060,19344582
4,12,0001,2024-02-16 00:00,2025-02-05 05:02:48,2025-02-05 05:03:02,8.17,5.45,13.62,41006,410060,6460837
4,12,0002,2024-02-16 00:00,2025-02-05 05:03:02,2025-02-05 05:03:37,20.62,13.75,34.36,340257,3402570,6460837
4,12,0003,2024-02-16 00:00,2025-02-05 05:03:38,2025-02-05 05:05:08,53.44,35.63,89.07,859177,8591770,6460837
4,12,0000,2024-02-16 00:00,2025-02-05 05:02:48,2025-02-05 05:05:08,82.23,54.82,137.05,1240440,12404400,19382511
4,13,0001,2024-02-20 00:00,2025-02-05 05:05:09,2025-02-05 05:05:24,8.40,5.60,14.01,40993,409930,6473480
4,13,0002,2024-02-20 00:00,2025-02-05 05:05:24,2025-02-05 05:05:59,20.30,13.53,33.83,340138,3401380,6473480
4,13,0003,2024-02-20 00:00,2025-02-05 05:05:59,2025-02-05 05:07:33,56.05,37.37,93.42,858773,8587730,6473480
4,13,0000,2024-02-20 00:00,2025-02-05 05:05:09,2025-02-05 05:07:33,84.75,56.50,141.26,1239904,12399040,19420440
4,14,0001,2024-02-24 00:00,2025-02-05 05:07:35,2025-02-05 05:07:49,8.27,5.52,13.79,40990,409900,6486123
4,14,0002,2024-02-24 00:00,2025-02-05 05:07:49,2025-02-05 05:08:25,21.09,14.06,35.15,340003,3400030,6486123
4,14,0003,2024-02-24 00:00,2025-02-05 05:08:26,2025-02-05 05:10:05,59.29,39.52,98.81,858377,8583770,6486123
4,14,0000,2024-02-24 00:00,2025-02-05 05:07:35,2025-02-05 05:10:05,88.65,59.10,147.75,1239370,12393700,19458369
4,15,0001,2024-02-28 00:00,2025-02-05 05:10:07,2025-02-05 05:10:22,8.33,5.55,13.88,40985,409850,6498766
4,15,0002,2024-02-28 00:00,2025-02-05 05:10:22,2025-02-05 05:11:00,22.11,14.74,36.85,339869,3398690,6498766
4,15,0003,2024-02-28 00:00,2025-02-05 05:11:00,2025-02-05 05:12:43,61.44,40.96,102.40,857942,8579420,6498766
4,15,0000,2024-02-28 00:00,2025-02-05 05:10:07,2025-02-05 05:12:43,91.88,61.25,153.13,1238796,12387960,19496298
4,16,0001,2024-03-03 00:00,2025-02-05 05:12:45,2025-02-05 05:12:59,8.38,5.59,13.97,40982,409820,6511409
4,16,0002,2024-03-03 00:00,2025-02-05 05:13:00,2025-02-05 05:13:37,21.64,14.42,36.06,339753,3397530,6511409
4,16,0003,2024-03-03 00:00,2025-02-05 05:13:37,2025-02-05 05:15:22,62.56,41.71,104.27,857564,8575640,6511409
4,16,0000,2024-03-03 00:00,2025-02-05 05:12:45,2025-02-05 05:15:22,92.58,61.72,154.31,1238299,12382990,19534227
4,17,0001,2024-03-07 00:00,2025-02-05 05:15:24,2025-02-05 05:15:39,8.37,5.58,13.94,40973,409730,6524053
4,17,0002,2024-03-07 00:00,2025-02-05 05:15:39,2025-02-05 05:16:17,22.53,15.02,37.55,339623,3396230,6524053
4,17,0003,2024-03-07 00:00,2025-02-05 05:16:18,2025-02-05 05:18:05,63.87,42.58,106.44,857146,8571460,6524053
4,17,0000,2024-03-07 00:00,2025-02-05 05:15:24,2025-02-05 05:18:05,94.76,63.17,157.93,1237742,12377420,19572159
4,18,0001,2024-03-11 00:00,2025-02-05 05:18:07,2025-02-05 05:18:22,8.46,5.64,14.11,40968,409680,6536697
4,18,0002,2024-03-11 00:00,2025-02-05 05:18:22,2025-02-05 05:19:00,22.16,14.77,36.94,339502,3395020,6536697
4,18,0003,2024-03-11 00:00,2025-02-05 05:19:00,2025-02-05 05:20:51,65.99,44.00,109.99,856787,8567870,6536697
4,18,0000,2024-03-11 00:00,2025-02-05 05:18:07,2025-02-05 05:20:51,96.62,64.41,161.03,1237257,12372570,19610091
4,19,0001,2024-03-15 00:00,2025-02-05 05:20:53,2025-02-05 05:21:08,8.54,5.69,14.23,40963,409630,6549341
4,19,0002,2024-03-15 00:00,2025-02-05 05:21:08,2025-02-05 05:21:46,22.49,14.99,37.48,339402,3394020,6549341
4,19,0003,2024-03-15 00:00,2025-02-05 05:21:46,2025-02-05 05:23:39,66.87,44.58,111.44,856420,8564200,6549341
4,19,0000,2024-03-15 00:00,2025-02-05 05:20:53,2025-02-05 05:23:39,97.89,65.26,163.16,1236785,12367850,19648023
4,20,0001,2024-03-19 00:00,2025-02-05 05:23:40,2025-02-05 05:23:55,8.38,5.59,13.97,40957,409570,6561985
4,20,0002,2024-03-19 00:00,2025-02-05 05:23:55,2025-02-05 05:24:34,22.65,15.10,37.74,339272,3392720,6561985
4,20,0003,2024-03-19 00:00,2025-02-05 05:24:34,2025-02-05 05:26:26,66.51,44.34,110.84,856004,8560040,6561985
4,20,0000,2024-03-19 00:00,2025-02-05 05:23:40,2025-02-05 05:26:26,97.54,65.02,162.56,1236233,12362330,19685955
4,21,0001,2024-03-23 00:00,2025-02-05 05:26:27,2025-02-05 05:26:43,8.66,5.77,14.43,40951,409510,6574629
4,21,0002,2024-03-23 00:00,2025-02-05 05:26:43,2025-02-05 05:27:24,23.93,15.95,39.88,339117,3391170,6574629
4,21,0003,2024-03-23 00:00,2025-02-05 05:27:24,2025-02-05 05:29:19,68.52,45.68,114.21,855604,8556040,6574629
4,21,0000,2024-03-23 00:00,2025-02-05 05:26:27,2025-02-05 05:29:19,101.11,67.40,168.51,1235672,12356720,19723887
5,1,0001,2024-01-03 00:00,2025-02-05 05:29:20,2025-02-05 05:29:35,7.78,5.18,12.96,41132,411320,6321759
5,1,0002,2024-01-03 00:00,2025-02-05 05:29:35,2025-02-05 05:29:58,13.64,9.09,22.73,342091,3420910,6321759
5,1,0003,2024-01-03 00:00,2025-02-05 05:29:59,2025-02-05 05:30:44,26.44,17.63,44.07,864438,8644380,6321759
5,1,0000,2024-01-03 00:00,2025-02-05 05:29:20,2025-02-05 05:30:44,47.86,31.91,79.77,1247661,12476610,18965277
5,2,0001,2024-01-07 00:00,2025-02-05 05:30:45,2025-02-05 05:30:59,8.01,5.34,13.35,41127,411270,6334403
5,2,0002,2024-01-07 00:00,2025-02-05 05:30:59,2025-02-05 05:31:24,14.30,9.53,23.83,341967,3419670,6334403
5,2,0003,2024-01-07 00:00,2025-02-05 05:31:24,2025-02-05 05:32:13,28.94,19.30,48.24,864089,8640890,6334403
5,2,0000,2024-01-07 00:00,2025-02-05 05:30:45,2025-02-05 05:32:13,51.25,34.17,85.42,1247183,12471830,19003209
5,3,0001,2024-01-11 00:00,2025-02-05 05:32:14,2025-02-05 05:32:28,7.93,5.29,13.22,41121,411210,6347047
5,3,0002,2024-01-11 00:00,2025-02-05 05:32:28,2025-02-05 05:32:53,14.55,9.70,24.26,341856,3418560,6347047
5,3,0003,2024-01-11 00:00,2025-02-05 05:32:53,2025-02-05 05:33:50,33.65,22.43,56.09,863676,8636760,6347047
5,3,0000,2024-01-11 00:00,2025-02-05 05:32:14,2025-02-05 05:33:50,56.14,37.42,93.56,1246653,12466530,19041141
5,4,0001,2024-01-15 00:00,2025-02-05 05:33:52,2025-02-05 05:34:06,7.94,5.29,13.23,41111,411110,6359691
5,4,0002,2024-01-15 00:00,2025-02-05 05:34:06,2025-02-05 05:34:31,14.83,9.89,24.72,341738,3417380,6359691
5,4,0003,2024-01-15 00:00,2025-02-05 05:34:32,2025-02-05 05:35:37,38.99,25.99,64.98,863234,8632340,6359691
5,4,0000,2024-01-15 00:00,2025-02-05 05:33:52,2025-02-05 05:35:37,61.75,41.17,102.92,1246083,12460830,19079073
5,5,0001,2024-01-19 00:00,2025-02-05 05:35:39,2025-02-05 05:35:53,8.15,5.43,13.58,41101,411010,6372335
5,5,0002,2024-01-19 00:00,2025-02-05 05:35:53,2025-02-05 05:36:19,15.19,10.13,25.32,341621,3416210,6372335
5,5,0003,2024-01-19 00:00,2025-02-05 05:36:19,2025-02-05 05:37:29,41.25,27.50,68.76,862835,8628350,6372335
5,5,0000,2024-01-19 00:00,2025-02-05 05:35:39,2025-02-05 05:37:29,64.59,43.06,107.65,1245557,12455570,19117005
5,6,0001,2024-01-23 00:00,2025-02-05 05:37:30,2025-02-05 05:37:45,8.04,5.36,13.39,41090,410900,6384979
5,6,0002,2024-01-23 00:00,2025-02-05 05:37:45,2025-02-05 05:38:13,16.29,10.86,27.15,341495,3414950,6384979
5,6,0003,2024-01-23 00:00,2025-02-05 05:38:13,2025-02-05 05:39:26,43.60,29.07,72.67,862417,8624170,6384979
5,6,0000,2024-01-23 00:00,2025-02-05 05:37:30,2025-02-05 05:39:26,67.93,45.28,113.21,1245002,12450020,19154937
5,7,0001,2024-01-27 00:00,2025-02-05 05:39:28,2025-02-05 05:39:42,8.17,5.44,13.61,41079,410790,6397622
5,7,0002,2024-01-27 00:00,2025-02-05 05:39:42,2025-02-05 05:40:12,17.27,11.51,28.78,341389,3413890,6397622
5,7,0003,2024-01-27 00:00,2025-02-05 05:40:12,2025-02-05 05:41:28,45.16,30.10,75.26,862025,8620250,6397622
5,7,0000,2024-01-27 00:00,2025-02-05 05:39:28,2025-02-05 05:41:28,70.59,47.06,117.65,1244493,12444930,19192866
5,8,0001,2024-01-31 00:00,2025-02-05 05:41:29,2025-02-05 05:41:44,8.22,5.48,13.69,41073,410730,6410265
5,8,0002,2024-01-31 00:00,2025-02-05 05:41:44,2025-02-05 05:42:15,18.17,12.11,30.28,341269,3412690,6410265
5,8,0003,2024-01-31 00:00,2025-02-05 05:42:15,2025-02-05 05:43:35,47.22,31.48,78.69,861635,8616350,6410265
5,8,0000,2024-01-31 00:00,2025-02-05 05:41:29,2025-02-05 05:43:35,73.60,49.07,122.66,1243977,12439770,19230795
5,9,0001,2024-02-04 00:00,2025-02-05 05:43:36,2025-02-05 05:43:50,8.14,5.43,13.57,41065,410650,6422908
5,9,0002,2024-02-04 00:00,2025-02-05 05:43:50,2025-02-05 05:44:23,18.80,12.53,31.34,341124,3411240,6422908
5,9,0003,2024-02-04 00:00,2025-02-05 05:44:23,2025-02-05 05:45:46,49.40,32.94,82.34,861218,8612180,6422908
5,9,0000,2024-02-04 00:00,2025-02-05 05:43:36,2025-02-05 05:45:46,76.35,50.90,127.24,1243407,12434070,19268724
5,10,0001,2024-02-08 00:00,2025-02-05 05:45:48,2025-02-05 05:46:03,8.33,5.55,13.88,41053,410530,6435551
5,10,0002,2024-02-08 00:00,2025-02-05 05:46:03,2025-02-05 05:46:36,19.27,12.85,32.12,340996,3409960,6435551
5,10,0003,2024-02-08 00:00,2025-02-05 05:46:36,2025-02-05 05:48:01,50.24,33.49,83.73,860816,8608160,6435551
5,10,0000,2024-02-08 00:00,2025-02-05 05:45:48,2025-02-05 05:48:01,77.83,51.89,129.72,1242865,12428650,19306653
5,11,0001,2024-02-12 00:00,2025-02-05 05:48:03,2025-02-05 05:48:18,8.77,5.84,14.61,41047,410470,6448194
5,11,0002,2024-02-12 00:00,2025-02-05 05:48:18,2025-02-05 05:48:53,20.25,13.50,33.76,340888,3408880,6448194
5,11,0003,2024-02-12 00:00,2025-02-05 05:48:53,2025-02-05 05:50:22,52.88,35.25,88.13,860442,8604420,6448194
5,11,0000,2024-02-12 00:00,2025-02-05 05:48:03,2025-02-05 05:50:22,81.90,54.60,136.49,1242377,12423770,19344582
5,12,0001,2024-02-16 00:00,2025-02-05 05:50:24,2025-02-05 05:50:38,8.17,5.45,13.62,41041,410410,6460837
5,12,0002,2024-02-16 00:00,2025-02-05 05:50:38,2025-02-05 05:51:14,20.54,13.70,34.24,340769,3407690,6460837
5,12,0003,2024-02-16 00:00,2025-02-05 05:51:14,2025-02-05 05:52:45,53.96,35.97,89.93,860051,8600510,6460837
5,12,0000,2024-02-16 00:00,2025-02-05 05:50:24,2025-02-05 05:52:45,82.68,55.12,137.80,1241861,12418610,19382511
5,13,0001,2024-02-20 00:00,2025-02-05 05:52:47,2025-02-05 05:53:02,8.39,5.60,13.99,41034,410340,6473480
5,13,0002,2024-02-20 00:00,2025-02-05 05:53:02,2025-02-05 05:53:37,20.47,13.64,34.11,340647,3406470,6473480
5,13,0003,2024-02-20 00:00,2025-02-05 05:53:37,2025-02-05 05:55:11,56.15,37.44,93.59,859665,8596650,6473480
5,13,0000,2024-02-20 00:00,2025-02-05 05:52:47,2025-02-05 05:55:11,85.02,56.68,141.69,1241346,12413460,19420440
5,14,0001,2024-02-24 00:00,2025-02-05 05:55:13,2025-02-05 05:55:28,8.31,5.54,13.85,41026,410260,6486123
5,14,0002,2024-02-24 00:00,2025-02-05 05:55:28,2025-02-05 05:56:05,21.25,14.16,35.41,340537,3405370,6486123
5,14,0003,2024-02-24 00:00,2025-02-05 05:56:05,2025-02-05 05:57:44,58.95,39.30,98.25,859256,8592560,6486123
5,14,0000,2024-02-24 00:00,2025-02-05 05:55:13,2025-02-05 05:57:44,88.50,59.00,147.50,1240819,12408190,19458369
5,15,0001,2024-02-28 00:00,2025-02-05 05:57:45,2025-02-05 05:58:00,8.32,5.55,13.87,41024,410240,6498766
5,15,0002,2024-02-28 00:00,2025-02-05 05:58:00,2025-02-05 05:58:38,22.09,14.73,36.82,340406,3404060,6498766
5,15,0003,2024-02-28 00:00,2025-02-05 05:58:38,2025-02-05 06:00:20,61.02,40.68,101.71,858863,8588630,6498766
5,15,0000,2024-02-28 00:00,2025-02-05 05:57:45,2025-02-05 06:00:20,91.44,60.96,152.40,1240293,12402930,19496298
5,16,0001,2024-03-03 00:00,2025-02-05 06:00:22,2025-02-05 06:00:37,8.52,5.68,14.20,41018,410180,6511409
5,16,0002,2024-03-03 00:00,2025-02-05 06:00:37,2025-02-05 06:01:14,21.47,14.32,35.79,340278,3402780,6511409
5,16,0003,2024-03-03 00:00,2025-02-05 06:01:14,2025-02-05 06:03:03,64.65,43.10,107.74,858463,8584630,6511409
5,16,0000,2024-03-03 00:00,2025-02-05 06:00:22,2025-02-05 06:03:03,94.64,63.09,157.73,1239759,12397590,19534227
5,17,0001,2024-03-07 00:00,2025-02-05 06:03:05,2025-02-05 06:03:20,8.33,5.55,13.88,41012,410120,6524053
5,17,0002,2024-03-07 00:00,2025-02-05 06:03:20,2025-02-05 06:03:58,22.29,14.86,37.16,340139,3401390,6524053
5,17,0003,2024-03-07 00:00,2025-02-05 06:03:58,2025-02-05 06:05:45,63.80,42.53,106.33,858028,8580280,6524053
5,17,0000,2024-03-07 00:00,2025-02-05 06:03:05,2025-02-05 06:05:45,94.42,62.95,157.37,1239179,12391790,19572159
5,18,0001,2024-03-11 00:00,2025-02-05 06:05:47,2025-02-05 06:06:02,8.37,5.58,13.95,41001,410010,6536697
5,18,0002,2024-03-11 00:00,2025-02-05 06:06:02,2025-02-05 06:06:39,21.56,14.37,35.94,340015,3400150,6536697
5,18,0003,2024-03-11 00:00,2025-02-05 06:06:39,2025-02-05 06:08:27,64.34,42.89,107.23,857630,8576300,6536697
5,18,0000,2024-03-11 00:00,2025-02-05 06:05:47,2025-02-05 06:08:27,94.27,62.85,157.11,1238646,12386460,19610091
5,19,0001,2024-03-15 00:00,2025-02-05 06:08:29,2025-02-05 06:08:44,8.44,5.63,14.07,40996,409960,6549341
5,19,0002,2024-03-15 00:00,2025-02-05 06:08:44,2025-02-05 06:09:22,22.24,14.83,37.06,339904,3399040,6549341
5,19,0003,2024-03-15 00:00,2025-02-05 06:09:22,2025-02-05 06:11:14,66.85,44.56,111.41,857239,8572390,6549341
5,19,0000,2024-03-15 00:00,2025-02-05 06:08:29,2025-02-05 06:11:14,97.53,65.02,162.55,1238139,12381390,19648023
5,20,0001,2024-03-19 00:00,2025-02-05 06:11:16,2025-02-05 06:11:32,8.74,5.83,14.56,40990,409900,6561985
5,20,0002,2024-03-19 00:00,2025-02-05 06:11:32,2025-02-05 06:12:10,22.57,15.05,37.62,339791,3397910,6561985
5,20,0003,2024-03-19 00:00,2025-02-05 06:12:11,2025-02-05 06:14:03,66.97,44.65,111.61,856860,8568600,6561985
5,20,0000,2024-03-19 00:00,2025-02-05 06:11:16,2025-02-05 06:14:03,98.28,65.52,163.80,1237641,12376410,19685955
5,21,0001,2024-03-23 00:00,2025-02-05 06:14:05,2025-02-05 06:14:21,8.76,5.84,14.60,40980,409800,6574629
5,21,0002,2024-03-23 00:00,2025-02-05 06:14:21,2025-02-05 06:15:02,24.20,16.14,40.34,339655,3396550,6574629
5,21,0003,2024-03-23 00:00,2025-02-05 06:15:02,2025-02-05 06:16:58,68.75,45.84,114.59,856427,8564270,6574629
5,21,0000,2024-03-23 00:00,2025-02-05 06:14:05,2025-02-05 06:16:58,101.72,67.81,169.54,1237062,12370620,19723887
6,1,0001,2024-01-03 00:00,2025-02-05 06:16:59,2025-02-05 06:17:14,7.82,5.21,13.03,41125,411250,6321759
6,1,0002,2024-01-03 00:00,2025-02-05 06:17:14,2025-02-05 06:17:38,14.01,9.34,23.36,341736,3417360,6321759
6,1,0003,2024-01-03 00:00,2025-02-05 06:17:38,2025-02-05 06:18:24,26.96,17.98,44.94,864558,8645580,6321759
6,1,0000,2024-01-03 00:00,2025-02-05 06:16:59,2025-02-05 06:18:24,48.80,32.53,81.33,1247419,12474190,18965277
6,2,0001,2024-01-07 00:00,2025-02-05 06:18:25,2025-02-05 06:18:40,8.18,5.45,13.63,41113,411130,6334403
6,2,0002,2024-01-07 00:00,2025-02-05 06:18:40,2025-02-05 06:19:06,14.71,9.80,24.51,341586,3415860,6334403
6,2,0003,2024-01-07 00:00,2025-02-05 06:19:06,2025-02-05 06:19:56,29.58,19.72,49.30,864109,8641090,6334403
6,2,0000,2024-01-07 00:00,2025-02-05 06:18:25,2025-02-05 06:19:56,52.46,34.98,87.44,1246808,12468080,19003209
6,3,0001,2024-01-11 00:00,2025-02-05 06:19:57,2025-02-05 06:20:11,8.09,5.39,13.48,41103,411030,6347047
6,3,0002,2024-01-11 00:00,2025-02-05 06:20:11,2025-02-05 06:20:37,14.84,9.89,24.73,341450,3414500,6347047
6,3,0003,2024-01-11 00:00,2025-02-05 06:20:37,2025-02-05 06:21:35,34.16,22.77,56.93,863716,8637160,6347047
6,3,0000,2024-01-11 00:00,2025-02-05 06:19:57,2025-02-05 06:21:35,57.08,38.06,95.14,1246269,12462690,19041141
6,4,0001,2024-01-15 00:00,2025-02-05 06:21:36,2025-02-05 06:21:51,8.12,5.41,13.53,41097,410970,6359691
6,4,0002,2024-01-15 00:00,2025-02-05 06:21:51,2025-02-05 06:22:17,15.14,10.09,25.24,341315,3413150,6359691
6,4,0003,2024-01-15 00:00,2025-02-05 06:22:17,2025-02-05 06:23:24,39.35,26.23,65.58,863327,8633270,6359691
6,4,0000,2024-01-15 00:00,2025-02-05 06:21:36,2025-02-05 06:23:24,62.61,41.74,104.35,1245739,12457390,19079073
6,5,0001,2024-01-19 00:00,2025-02-05 06:23:25,2025-02-05 06:23:39,8.08,5.38,13.46,41091,410910,6372335
6,5,0002,2024-01-19 00:00,2025-02-05 06:23:39,2025-02-05 06:24:06,15.36,10.24,25.60,341185,3411850,6372335
6,5,0003,2024-01-19 00:00,2025-02-05 06:24:06,2025-02-05 06:25:16,41.47,27.65,69.12,862935,8629350,6372335
6,5,0000,2024-01-19 00:00,2025-02-05 06:23:25,2025-02-05 06:25:16,64.91,43.27,108.19,1245211,12452110,19117005
6,6,0001,2024-01-23 00:00,2025-02-05 06:25:17,2025-02-05 06:25:32,8.43,5.62,14.05,41085,410850,6384979
6,6,0002,2024-01-23 00:00,2025-02-05 06:25:32,2025-02-05 06:26:01,16.78,11.19,27.97,341073,3410730,6384979
6,6,0003,2024-01-23 00:00,2025-02-05 06:26:01,2025-02-05 06:27:18,45.78,30.52,76.30,862512,8625120,6384979
6,6,0000,2024-01-23 00:00,2025-02-05 06:25:17,2025-02-05 06:27:18,70.99,47.33,118.32,1244670,12446700,19154937
6,7,0001,2024-01-27 00:00,2025-02-05 06:27:20,2025-02-05 06:27:35,8.27,5.52,13.79,41079,410790,6397622
6,7,0002,2024-01-27 00:00,2025-02-05 06:27:35,2025-02-05 06:28:05,17.62,11.75,29.36,340948,3409480,6397622
6,7,0003,2024-01-27 00:00,2025-02-05 06:28:05,2025-02-05 06:29:23,46.50,31.00,77.50,862076,8620760,6397622
6,7,0000,2024-01-27 00:00,2025-02-05 06:27:20,2025-02-05 06:29:23,72.40,48.26,120.66,1244103,12441030,19192866
6,8,0001,2024-01-31 00:00,2025-02-05 06:29:25,2025-02-05 06:29:39,8.29,5.52,13.81,41075,410750,6410265
6,8,0002,2024-01-31 00:00,2025-02-05 06:29:39,2025-02-05 06:30:11,18.31,12.20,30.51,340832,3408320,6410265
6,8,0003,2024-01-31 00:00,2025-02-05 06:30:11,2025-02-05 06:31:34,49.39,32.93,82.32,861658,8616580,6410265
6,8,0000,2024-01-31 00:00,2025-02-05 06:29:25,2025-02-05 06:31:34,75.98,50.66,126.64,1243565,12435650,19230795
6,9,0001,2024-02-04 00:00,2025-02-05 06:31:35,2025-02-05 06:31:51,8.55,5.70,14.25,41068,410680,6422908
6,9,0002,2024-02-04 00:00,2025-02-05 06:31:51,2025-02-05 06:32:24,19.32,12.88,32.20,340695,3406950,6422908
6,9,0003,2024-02-04 00:00,2025-02-05 06:32:24,2025-02-05 06:33:46,49.02,32.68,81.70,861217,8612170,6422908
6,9,0000,2024-02-04 00:00,2025-02-05 06:31:35,2025-02-05 06:33:46,76.89,51.26,128.15,1242980,12429800,19268724
6,10,0001,2024-02-08 00:00,2025-02-05 06:33:48,2025-02-05 06:34:02,8.20,5.47,13.66,41057,410570,6435551
6,10,0002,2024-02-08 00:00,2025-02-05 06:34:02,2025-02-05 06:34:36,19.55,13.03,32.58,340557,3405570,6435551
6,10,0003,2024-02-08 00:00,2025-02-05 06:34:36,2025-02-05 06:36:01,50.29,33.53,83.82,860795,8607950,6435551
6,10,0000,2024-02-08 00:00,2025-02-05 06:33:48,2025-02-05 06:36:01,78.04,52.03,130.07,1242409,12424090,19306653
6,11,0001,2024-02-12 00:00,2025-02-05 06:36:02,2025-02-05 06:36:17,8.23,5.48,13.71,41052,410520,6448194
6,11,0002,2024-02-12 00:00,2025-02-05 06:36:17,2025-02-05 06:36:51,19.91,13.27,33.18,340422,3404220,6448194
6,11,0003,2024-02-12 00:00,2025-02-05 06:36:51,2025-02-05 06:38:24,55.15,36.76,91.91,860366,8603660,6448194
6,11,0000,2024-02-12 00:00,2025-02-05 06:36:02,2025-02-05 06:38:24,83.28,55.52,138.80,1241840,12418400,19344582
6,12,0001,2024-02-16 00:00,2025-02-05 06:38:25,2025-02-05 06:38:40,8.55,5.70,14.24,41047,410470,6460837
6,12,0002,2024-02-16 00:00,2025-02-05 06:38:40,2025-02-05 06:39:17,21.73,14.48,36.21,340305,3403050,6460837
6,12,0003,2024-02-16 00:00,2025-02-05 06:39:17,2025-02-05 06:40:51,55.70,37.13,92.84,859964,8599640,6460837
6,12,0000,2024-02-16 00:00,2025-02-05 06:38:25,2025-02-05 06:40:51,85.97,57.31,143.29,1241316,12413160,19382511
6,13,0001,2024-02-20 00:00,2025-02-05 06:40:53,2025-02-05 06:41:09,8.95,5.96,14.91,41040,410400,6473480
6,13,0002,2024-02-20 00:00,2025-02-05 06:41:09,2025-02-05 06:41:46,21.63,14.42,36.06,340166,3401660,6473480
6,13,0003,2024-02-20 00:00,2025-02-05 06:41:46,2025-02-05 06:43:27,59.91,39.94,99.85,859551,8595510,6473480
6,13,0000,2024-02-20 00:00,2025-02-05 06:40:53,2025-02-05 06:43:27,90.49,60.33,150.82,1240757,12407570,19420440
6,14,0001,2024-02-24 00:00,2025-02-05 06:43:29,2025-02-05 06:43:44,8.74,5.83,14.57,41032,410320,6486123
6,14,0002,2024-02-24 00:00,2025-02-05 06:43:44,2025-02-05 06:44:21,21.57,14.38,35.96,340048,3400480,6486123
6,14,0003,2024-02-24 00:00,2025-02-05 06:44:21,2025-02-05 06:46:02,60.16,40.11,100.27,859124,8591240,6486123
6,14,0000,2024-02-24 00:00,2025-02-05 06:43:29,2025-02-05 06:46:02,90.48,60.32,150.79,1240204,12402040,19458369
6,15,0001,2024-02-28 00:00,2025-02-05 06:46:04,2025-02-05 06:46:20,8.72,5.81,14.53,41026,410260,6498766
6,15,0002,2024-02-28 00:00,2025-02-05 06:46:20,2025-02-05 06:46:59,22.95,15.30,38.25,339905,3399050,6498766
6,15,0003,2024-02-28 00:00,2025-02-05 06:46:59,2025-02-05 06:48:45,62.49,41.66,104.15,858722,8587220,6498766
6,15,0000,2024-02-28 00:00,2025-02-05 06:46:04,2025-02-05 06:48:45,94.16,62.78,156.94,1239653,12396530,19496298
6,16,0001,2024-03-03 00:00,2025-02-05 06:48:47,2025-02-05 06:49:02,8.79,5.86,14.65,41014,410140,6511409
6,16,0002,2024-03-03 00:00,2025-02-05 06:49:02,2025-02-05 06:49:40,22.16,14.77,36.93,339774,3397740,6511409
6,16,0003,2024-03-03 00:00,2025-02-05 06:49:40,2025-02-05 06:51:28,63.98,42.65,106.63,858308,8583080,6511409
6,16,0000,2024-03-03 00:00,2025-02-05 06:48:47,2025-02-05 06:51:28,94.93,63.28,158.21,1239096,12390960,19534227
6,17,0001,2024-03-07 00:00,2025-02-05 06:51:30,2025-02-05 06:51:45,8.73,5.82,14.55,41007,410070,6524053
6,17,0002,2024-03-07 00:00,2025-02-05 06:51:45,2025-02-05 06:52:25,23.37,15.58,38.96,339653,3396530,6524053
6,17,0003,2024-03-07 00:00,2025-02-05 06:52:26,2025-02-05 06:54:15,65.01,43.34,108.34,857909,8579090,6524053
6,17,0000,2024-03-07 00:00,2025-02-05 06:51:30,2025-02-05 06:54:15,97.11,64.74,161.85,1238569,12385690,19572159
6,18,0001,2024-03-11 00:00,2025-02-05 06:54:17,2025-02-05 06:54:32,8.66,5.77,14.44,40997,409970,6536697
6,18,0002,2024-03-11 00:00,2025-02-05 06:54:32,2025-02-05 06:55:10,22.24,14.83,37.07,339527,3395270,6536697
6,18,0003,2024-03-11 00:00,2025-02-05 06:55:10,2025-02-05 06:56:59,64.80,43.20,108.00,857495,8574950,6536697
6,18,0000,2024-03-11 00:00,2025-02-05 06:54:17,2025-02-05 06:56:59,95.71,63.81,159.52,1238019,12380190,19610091
6,19,0001,2024-03-15 00:00,2025-02-05 06:57:01,2025-02-05 06:57:16,8.56,5.71,14.27,40990,409900,6549341
6,19,0002,2024-03-15 00:00,2025-02-05 06:57:17,2025-02-05 06:57:56,22.98,15.32,38.31,339413,3394130,6549341
6,19,0003,2024-03-15 00:00,2025-02-05 06:57:56,2025-02-05 06:59:47,66.28,44.18,110.46,857117,8571170,6549341
6,19,0000,2024-03-15 00:00,2025-02-05 06:57:01,2025-02-05 06:59:47,97.82,65.21,163.03,1237520,12375200,19648023
6,20,0001,2024-03-19 00:00,2025-02-05 06:59:49,2025-02-05 07:00:04,8.61,5.74,14.35,40984,409840,6561985
6,20,0002,2024-03-19 00:00,2025-02-05 07:00:04,2025-02-05 07:00:44,23.22,15.48,38.69,339281,3392810,6561985
6,20,0003,2024-03-19 00:00,2025-02-05 07:00:44,2025-02-05 07:02:36,66.52,44.35,110.87,856729,8567290,6561985
6,20,0000,2024-03-19 00:00,2025-02-05 06:59:49,2025-02-05 07:02:36,98.35,65.57,163.92,1236994,12369940,19685955
6,21,0001,2024-03-23 00:00,2025-02-05 07:02:38,2025-02-05 07:02:53,8.75,5.83,14.58,40978,409780,6574629
6,21,0002,2024-03-23 00:00,2025-02-05 07:02:53,2025-02-05 07:03:35,24.19,16.13,40.32,339164,3391640,6574629
6,21,0003,2024-03-23 00:00,2025-02-05 07:03:35,2025-02-05 07:05:31,69.11,46.07,115.18,856349,8563490,6574629
6,21,0000,2024-03-23 00:00,2025-02-05 07:02:38,2025-02-05 07:05:31,102.05,68.03,170.08,1236491,12364910,19723887
8,1,0001,2024-01-03 00:00,2025-02-05 07:05:38,2025-02-05 07:05:53,8.05,5.37,13.42,41070,410700,6321759
8,1,0002,2024-01-03 00:00,2025-02-05 07:05:53,2025-02-05 07:06:17,14.04,9.36,23.40,341766,3417660,6321759
8,1,0003,2024-01-03 00:00,2025-02-05 07:06:18,2025-02-05 07:07:03,26.76,17.84,44.60,864032,8640320,6321759
8,1,0000,2024-01-03 00:00,2025-02-05 07:05:38,2025-02-05 07:07:03,48.85,32.57,81.42,1246868,12468680,18965277
8,2,0001,2024-01-07 00:00,2025-02-05 07:07:04,2025-02-05 07:07:18,7.95,5.30,13.25,41066,410660,6334403
8,2,0002,2024-01-07 00:00,2025-02-05 07:07:18,2025-02-05 07:07:44,14.66,9.77,24.43,341640,3416400,6334403
8,2,0003,2024-01-07 00:00,2025-02-05 07:07:44,2025-02-05 07:08:34,29.36,19.57,48.93,863642,8636420,6334403
8,2,0000,2024-01-07 00:00,2025-02-05 07:07:04,2025-02-05 07:08:34,51.97,34.65,86.61,1246348,12463480,19003209
8,3,0001,2024-01-11 00:00,2025-02-05 07:08:34,2025-02-05 07:08:49,8.06,5.37,13.43,41056,410560,6347047
8,3,0002,2024-01-11 00:00,2025-02-05 07:08:49,2025-02-05 07:09:14,14.85,9.90,24.76,341508,3415080,6347047
8,3,0003,2024-01-11 00:00,2025-02-05 07:09:15,2025-02-05 07:10:13,34.13,22.75,56.88,863250,8632500,6347047
8,3,0000,2024-01-11 00:00,2025-02-05 07:08:34,2025-02-05 07:10:13,57.04,38.03,95.07,1245814,12458140,19041141
8,4,0001,2024-01-15 00:00,2025-02-05 07:10:14,2025-02-05 07:10:28,8.08,5.39,13.46,41051,410510,6359691
8,4,0002,2024-01-15 00:00,2025-02-05 07:10:28,2025-02-05 07:10:54,15.21,10.14,25.35,341385,3413850,6359691
8,4,0003,2024-01-15 00:00,2025-02-05 07:10:54,2025-02-05 07:12:01,39.51,26.34,65.86,862853,8628530,6359691
8,4,0000,2024-01-15 00:00,2025-02-05 07:10:14,2025-02-05 07:12:01,62.80,41.87,104.67,1245289,12452890,19079073
8,5,0001,2024-01-19 00:00,2025-02-05 07:12:02,2025-02-05 07:12:17,8.30,5.53,13.84,41042,410420,6372335
8,5,0002,2024-01-19 00:00,2025-02-05 07:12:17,2025-02-05 07:12:44,15.51,10.34,25.86,341263,3412630,6372335
8,5,0003,2024-01-19 00:00,2025-02-05 07:12:44,2025-02-05 07:13:53,41.14,27.43,68.57,862463,8624630,6372335
8,5,0000,2024-01-19 00:00,2025-02-05 07:12:02,2025-02-05 07:13:53,64.96,43.31,108.26,1244768,12447680,19117005
8,6,0001,2024-01-23 00:00,2025-02-05 07:13:55,2025-02-05 07:14:10,8.27,5.51,13.78,41034,410340,6384979
8,6,0002,2024-01-23 00:00,2025-02-05 07:14:10,2025-02-05 07:14:39,16.60,11.06,27.66,341135,3411350,6384979
8,6,0003,2024-01-23 00:00,2025-02-05 07:14:39,2025-02-05 07:15:54,44.54,29.70,74.24,862073,8620730,6384979
8,6,0000,2024-01-23 00:00,2025-02-05 07:13:55,2025-02-05 07:15:54,69.41,46.27,115.68,1244242,12442420,19154937
8,7,0001,2024-01-27 00:00,2025-02-05 07:15:56,2025-02-05 07:16:10,8.30,5.53,13.83,41028,410280,6397622
8,7,0002,2024-01-27 00:00,2025-02-05 07:16:10,2025-02-05 07:16:41,17.59,11.73,29.32,340991,3409910,6397622
8,7,0003,2024-01-27 00:00,2025-02-05 07:16:41,2025-02-05 07:17:59,46.59,31.06,77.65,861655,8616550,6397622
8,7,0000,2024-01-27 00:00,2025-02-05 07:15:56,2025-02-05 07:17:59,72.48,48.32,120.80,1243674,12436740,19192866
8,8,0001,2024-01-31 00:00,2025-02-05 07:18:01,2025-02-05 07:18:16,8.16,5.44,13.60,41021,410210,6410265
8,8,0002,2024-01-31 00:00,2025-02-05 07:18:16,2025-02-05 07:18:47,18.43,12.29,30.72,340862,3408620,6410265
8,8,0003,2024-01-31 00:00,2025-02-05 07:18:48,2025-02-05 07:20:08,47.85,31.90,79.75,861226,8612260,6410265
8,8,0000,2024-01-31 00:00,2025-02-05 07:18:01,2025-02-05 07:20:08,74.45,49.63,124.08,1243109,12431090,19230795
8,9,0001,2024-02-04 00:00,2025-02-05 07:20:09,2025-02-05 07:20:24,8.39,5.60,13.99,41010,410100,6422908
8,9,0002,2024-02-04 00:00,2025-02-05 07:20:24,2025-02-05 07:20:57,19.26,12.84,32.10,340715,3407150,6422908
8,9,0003,2024-02-04 00:00,2025-02-05 07:20:58,2025-02-05 07:22:22,50.22,33.48,83.70,860824,8608240,6422908
8,9,0000,2024-02-04 00:00,2025-02-05 07:20:09,2025-02-05 07:22:22,77.87,51.91,129.78,1242549,12425490,19268724
8,10,0001,2024-02-08 00:00,2025-02-05 07:22:23,2025-02-05 07:22:39,8.63,5.75,14.38,41001,410010,6435551
8,10,0002,2024-02-08 00:00,2025-02-05 07:22:39,2025-02-05 07:23:13,19.90,13.26,33.16,340598,3405980,6435551
8,10,0003,2024-02-08 00:00,2025-02-05 07:23:13,2025-02-05 07:24:40,51.62,34.41,86.03,860418,8604180,6435551
8,10,0000,2024-02-08 00:00,2025-02-05 07:22:23,2025-02-05 07:24:40,80.14,53.42,133.56,1242017,12420170,19306653
8,11,0001,2024-02-12 00:00,2025-02-05 07:24:42,2025-02-05 07:24:57,8.48,5.65,14.14,40994,409940,6448194
8,11,0002,2024-02-12 00:00,2025-02-05 07:24:57,2025-02-05 07:25:32,20.28,13.52,33.79,340453,3404530,6448194
8,11,0003,2024-02-12 00:00,2025-02-05 07:25:32,2025-02-05 07:27:01,52.94,35.30,88.24,859995,8599950,6448194
8,11,0000,2024-02-12 00:00,2025-02-05 07:24:42,2025-02-05 07:27:01,81.70,54.47,136.17,1241442,12414420,19344582
8,12,0001,2024-02-16 00:00,2025-02-05 07:27:03,2025-02-05 07:27:18,8.40,5.60,14.00,40988,409880,6460837
8,12,0002,2024-02-16 00:00,2025-02-05 07:27:18,2025-02-05 07:27:54,21.25,14.17,35.42,340313,3403130,6460837
8,12,0003,2024-02-16 00:00,2025-02-05 07:27:54,2025-02-05 07:29:27,54.94,36.63,91.57,859624,8596240,6460837
8,12,0000,2024-02-16 00:00,2025-02-05 07:27:03,2025-02-05 07:29:27,84.59,56.39,140.99,1240925,12409250,19382511
8,13,0001,2024-02-20 00:00,2025-02-05 07:29:28,2025-02-05 07:29:44,8.73,5.82,14.55,40979,409790,6473480
8,13,0002,2024-02-20 00:00,2025-02-05 07:29:44,2025-02-05 07:30:21,21.65,14.43,36.08,340179,3401790,6473480
8,13,0003,2024-02-20 00:00,2025-02-05 07:30:21,2025-02-05 07:31:59,58.46,38.97,97.43,859224,8592240,6473480
8,13,0000,2024-02-20 00:00,2025-02-05 07:29:28,2025-02-05 07:31:59,88.84,59.23,148.06,1240382,12403820,19420440
8,14,0001,2024-02-24 00:00,2025-02-05 07:32:01,2025-02-05 07:32:16,8.52,5.68,14.20,40974,409740,6486123
8,14,0002,2024-02-24 00:00,2025-02-05 07:32:16,2025-02-05 07:32:53,21.59,14.39,35.98,340043,3400430,6486123
8,14,0003,2024-02-24 00:00,2025-02-05 07:32:54,2025-02-05 07:34:36,60.78,40.52,101.30,858795,8587950,6486123
8,14,0000,2024-02-24 00:00,2025-02-05 07:32:01,2025-02-05 07:34:36,90.89,60.59,151.48,1239812,12398120,19458369
8,15,0001,2024-02-28 00:00,2025-02-05 07:34:38,2025-02-05 07:34:53,8.52,5.68,14.20,40965,409650,6498766
8,15,0002,2024-02-28 00:00,2025-02-05 07:34:53,2025-02-05 07:35:31,22.58,15.05,37.63,339908,3399080,6498766
8,15,0003,2024-02-28 00:00,2025-02-05 07:35:32,2025-02-05 07:37:19,63.90,42.60,106.50,858363,8583630,6498766
8,15,0000,2024-02-28 00:00,2025-02-05 07:34:38,2025-02-05 07:37:19,95.00,63.33,158.33,1239236,12392360,19496298
8,16,0001,2024-03-03 00:00,2025-02-05 07:37:21,2025-02-05 07:37:37,8.97,5.98,14.95,40962,409620,6511409
8,16,0002,2024-03-03 00:00,2025-02-05 07:37:37,2025-02-05 07:38:14,21.93,14.62,36.56,339787,3397870,6511409
8,16,0003,2024-03-03 00:00,2025-02-05 07:38:14,2025-02-05 07:40:03,64.86,43.24,108.10,857952,8579520,6511409
8,16,0000,2024-03-03 00:00,2025-02-05 07:37:21,2025-02-05 07:40:03,95.76,63.84,159.61,1238701,12387010,19534227
8,17,0001,2024-03-07 00:00,2025-02-05 07:40:05,2025-02-05 07:40:20,8.54,5.69,14.23,40956,409560,6524053
8,17,0002,2024-03-07 00:00,2025-02-05 07:40:20,2025-02-05 07:40:59,23.12,15.41,38.54,339671,3396710,6524053
8,17,0003,2024-03-07 00:00,2025-02-05 07:40:59,2025-02-05 07:42:50,65.92,43.95,109.87,857546,8575460,6524053
8,17,0000,2024-03-07 00:00,2025-02-05 07:40:05,2025-02-05 07:42:50,97.58,65.05,162.63,1238173,12381730,19572159
8,18,0001,2024-03-11 00:00,2025-02-05 07:42:52,2025-02-05 07:43:07,8.67,5.78,14.45,40949,409490,6536697
8,18,0002,2024-03-11 00:00,2025-02-05 07:43:08,2025-02-05 07:43:47,22.91,15.28,38.19,339564,3395640,6536697
8,18,0003,2024-03-11 00:00,2025-02-05 07:43:47,2025-02-05 07:45:41,68.22,45.48,113.69,857169,8571690,6536697
8,18,0000,2024-03-11 00:00,2025-02-05 07:42:52,2025-02-05 07:45:41,99.80,66.53,166.33,1237682,12376820,19610091
8,19,0001,2024-03-15 00:00,2025-02-05 07:45:43,2025-02-05 07:45:58,8.38,5.59,13.97,40944,409440,6549341
8,19,0002,2024-03-15 00:00,2025-02-05 07:45:58,2025-02-05 07:46:39,24.04,16.03,40.07,339425,3394250,6549341
8,19,0003,2024-03-15 00:00,2025-02-05 07:46:39,2025-02-05 07:48:34,68.38,45.58,113.96,856764,8567640,6549341
8,19,0000,2024-03-15 00:00,2025-02-05 07:45:43,2025-02-05 07:48:34,100.80,67.20,168.00,1237133,12371330,19648023
8,20,0001,2024-03-19 00:00,2025-02-05 07:48:36,2025-02-05 07:48:51,8.55,5.70,14.26,40936,409360,6561985
8,20,0002,2024-03-19 00:00,2025-02-05 07:48:52,2025-02-05 07:49:32,23.61,15.74,39.35,339304,3393040,6561985
8,20,0003,2024-03-19 00:00,2025-02-05 07:49:32,2025-02-05 07:51:27,68.70,45.80,114.51,856333,8563330,6561985
8,20,0000,2024-03-19 00:00,2025-02-05 07:48:36,2025-02-05 07:51:27,100.86,67.24,168.11,1236573,12365730,19685955
8,21,0001,2024-03-23 00:00,2025-02-05 07:51:29,2025-02-05 07:51:45,9.16,6.11,15.27,40929,409290,6574629
8,21,0002,2024-03-23 00:00,2025-02-05 07:51:45,2025-02-05 07:52:26,23.96,15.98,39.94,339171,3391710,6574629
8,21,0003,2024-03-23 00:00,2025-02-05 07:52:26,2025-02-05 07:54:26,71.00,47.34,118.34,855930,8559300,6574629
8,21,0000,2024-03-23 00:00,2025-02-05 07:51:29,2025-02-05 07:54:26,104.13,69.42,173.55,1236030,12360300,19723887
